股票,公司名,sub_label,年度涨跌幅,AI Potential,评分,主营业务与客户画像,定价模式,NRR归因,核心卡位,资产广度,财务韧性,AI Coding 正面影响,AI Coding 负面影响,新财报与佐证,评分叙述,核心业务引擎,AI影响分析,财务韧性v2（AI）,结论v2,是否符合
YOU,"Clear Secure, Inc.",Cybersecurity,+66.94%,不符合,4.0,Clear Secure 提供生物识别身份验证平台，最知名的应用场景是机场和体育场馆的 CLEAR 快速安检通道。其通过虹膜和指纹识别技术，解决物理空间身份核验的效率问题。,不符合。业务为 C 端消费者生物识别身份验证订阅（如 CLEAR Plus）以及 B 端场所合作，其商业模型完全脱离生成式大模型的消耗体系。,不符合。增长逻辑主要取决于庞大 C 端会员的续费留存和新增机场注册，不存在企业级 IT 侧的“单客户数据用量爆发”。,不符合。聚焦物理与数字世界的个人身份打通，与软件世界中大语言模型引起的系统复杂性毫无关联。,不符合。不具备任何 AI 模型生命周期管理属性。,"结论
   不符合。建立在物理空间与人类实体活动基础上的订阅模型，在收入传导链条上与大语言模型的算力消耗/使用量处于完全绝缘状态。",软件交付效率的边际改善。逻辑在于，AI 编码工具可以帮助 CLEAR 团队更快地开发和维护其面向消费者的移动端 App 和后端核验 API，但这并非其核心护城河。,"对核心物理业务影响较小，但存在深度伪造（Deepfake）攻击后端系统的隐患。逻辑在于，生物识别高度依赖物理硬件终端，AI Coding 无法直接生成物理维度的假指纹。但黑客可能利用 AI 编写高并发的 API 撞库脚本，攻击其云端数据库。
4. **近期财报与佐证**：截至 2026 年 5 月 6 日的市场数据，Clear Secure 发布了 Q1 2026 财报，季度总营收达到 2.53 亿美元（去年同期为 2.114 亿美元），基本 EPS 为 0.39 美元。然而，其过去 12 个月的净利润率从去年同期的 22% 大幅萎缩至 12.1%。缺乏足量的事实数据将利润率的下滑确切归因于 AI Coding 的冲击；这更多反映了其业务扩张的边际成本上升或市场竞争加剧。",财报数据截至 2026 年 5 月 6 日的最新市场披露。*,"4 / 10**（偏弱。核心业务受 AI Coding 爆发的影响极度边缘化，且财报显示出严重的利润率压缩问题，缺乏作为“AI 时代标的”的投资逻辑。）
---","核心业务：基于生物识别的无缝安全身份验证服务（CLEAR）。
   收入模型：C端航空免排队会员年费订阅（CLEAR+），以及向B端（如医疗系统、企业园区）收取的身份验证网络服务费（CLEAR1）。
   核心指标：活跃总会员数、年度新预订额（Bookings）。",尽管 CLEAR 可能会在底层利用更先进的 AI 算法来提高生物特征比对的精度，但其商业本质依然是“物理世界的人口流动管理”。大语言模型在数字世界的 API 调用频次、Token 消耗量或算力需求，与消费者是否乘坐飞机、是否去医院就诊没有任何必然联系。AI 使用量的剧增无法转化为线性的物理打卡人次或会员注册量。,,不符合,0
NET,"Cloudflare, Inc.",Cybersecurity,+0.06%,不符合,7.5,全球最大的边缘计算和内容分发（CDN）网络之一，叠加零信任（Zero Trust）安全服务。面向从独立开发者到大型跨国企业，通过将计算和安全防护推向离用户最近的网络边缘，解决网站延迟、DDoS 攻击及现代去边界化的企业网络接入问题。,混合计费模型，非纯粹的 Consumption-based。尽管其 Workers、R2 存储以及专为 AI 打造的 Workers AI 均采用纯正的消费计费（基于 CPU 时间、请求次数或 GPU 计算分钟数），但当前 NET 整体 2026 年第一季度 6.398 亿美元的营收大盘，仍以传统的带宽分层与站点订阅制安全套餐（Pro/Biz/Ent 等级）为绝对基石。,复合增长叠加内部及 AI 用量爆发。根据 2026 年 Q1 数据，其 NRR 提升至 118%（同比增长 7%）。这种复苏一方面依靠超过 10 万美元 ARR 大客户群的扩容（同比增长 25%），另一方面确实直接受益于 AI 代理（Agents）和 API 请求量的指数级增加（财报透露其公司内部 AI 使用量猛增 600%）。,高度契合。AI 代理的普及导致互联网从“人机交互”转向高频的“机机交互”，导致 API 端点数量和微服务调用量呈爆炸式增长，NET 作为网络第七层（应用层）的绝对入口，直接充当了管理这些复杂系统路由和限流的关卡。,具备。其战略布局已深入 AI 推理底层：Workers AI 在全球数百个边缘节点提供 Serverless GPU 推理服务（与 Hugging Face 合作），同时 Vectorize 提供边缘向量数据库，这是 5 只标的中唯一直接下场提供 AI 推理运行环境的公司。,"结论
符合。 具备完善的基于计算时长和请求次数的商业模型，是承接 AI 用量爆发的最直接受益标的之一。",AI Coding 和大模型的爆发催生了海量的 API 交互和 Agent 自动化工作流。这些 AI Agent 需要极低的延迟和无处不在的算力执行点。Cloudflare 正在转型为 AI 基础设施平台（如 Workers AI），允许开发者直接在其全球边缘网络上运行 AI 推理模型，这是对底层网络架构的刚需利好。,资本支出（CapEx）的高企与回报周期的拉长。要在全球边缘节点部署推理级 GPU 是一项极其昂贵的重资产投资。如果 AI Agent 的实际商业化落地不及预期，或者推理算力最终被集中化在少数几个超大规模数据中心（Hyperscalers），Cloudflare 将面临巨额投资打水漂和毛利率受损的风险。,"**财报时间：** 2026年5月7日（2026财年第一季度）
**数据表现：** 营收 6.398 亿美元（同比增长 33.5%）；非公认会计准则 EPS 0.25 美元（超预期的 0.23 美元）。年化消费超 10 万美元的大客户达到 4416 家。
**市场反应：** 尽管业绩双超预期，但在财报发布后的 5月8日，股价出现暴跌（跌幅超过 11%，从 256 美元跌至 193.53 美元）。
**佐证逻辑：** 财报中隐藏的致命弱点印证了利空逻辑——非公认会计准则毛利率同比下降 430 个基点至 72.8%。这表明其在 AI 硬件基础设施上的投入正在严重侵蚀盈利能力。市场在软件股的高压环境下，对其“增收不增利”且毛利率恶化的表现给予了严厉惩罚。","7.5 / 10**
**逻辑：** 战略卡位极佳，是 AI 应用时代不可或缺的网络与推理管道。但当前的暴跌反映了资本市场对高估值科技股容忍度的降低，利润率的承压是其短期最大的软肋。中长期来看，一旦边缘 AI 推理的商业模式跑通，其网络效应将极具垄断性。",核心业务为边缘计算、内容分发网络（CDN）、DDoS 防护及零信任安全。收入模型为“基础订阅层级 + 高度用量计费（Usage-based）”，核心指标包括带宽吞吐量、API 请求数、边缘计算资源执行时长（Compute Time）。,Cloudflare 是大语言模型时代最核心的“流量与推理管道”之一。其推出的 Workers AI 和 AI Gateway 纯粹采用用量计费模型：按神经元计算时长、模型查询次数和代币（Tokens）消耗量收费。随着企业和开发者大规模部署大模型应用，通过其边缘网络路由的 API 请求数和阻挡恶意 AI 爬虫的需求将呈指数级上升，这与其用量计费模块高度契合，呈现显著的线性促进。,其 Non-GAAP 毛利率常年维持在 77-79% 之间。Cloudflare 的核心壁垒在于其全球统一的软件定义网络架构，利用闲置服务器资源进行 AI 推理（Workers AI 的机制），能够在不大幅增加 CapEx（资本支出）的情况下承接激增的用量，确保利润率稳健。,符合,1
CRWD,"CrowdStrike Holdings, Inc.",Cybersecurity,+16.36%,不符合,8.5,云原生终端安全（EDR）及扩展检测与响应（XDR）的绝对领导者。面向大中型企业，通过单一轻量级 Agent 收集系统数据，利用 Threat Graph 云端 AI 引擎，解决高级持续性威胁（APT）、勒索软件及无文件攻击问题。,以端点和模块为主，辅以少量消费模式。根据 2026 财年第三季度最新数据，CRWD 的核心盘仍然基于被保护的设备端点数量（Endpoint-based）以及 Falcon Flex 下的模块采用率。尽管其下一代 SIEM（LogScale）产品确实是基于数据摄入量（Consumption-based）收费，但在整体近 49.2 亿美元的 ARR 盘子中，整体模式并不能归类为纯粹的消费驱动。,高度依赖模块化交叉销售。2026 财年第三季度财报明确指出，驱动力在于平台化采用深度——采用 6 个、7 个和 8 个以上模块的客户比例分别达到了 49%、34% 和 24%，这种扩张逻辑源于 IT 整合需求，而非单一产品的 API 调用暴涨。,侧面涉及但不直接解决系统开发复杂度。它解决的是由于 AI 赋能导致的攻击面扩大和攻击速度加快的问题，确保运行环境的安全态势，而非充当管理“代码爆炸”或“分布式服务路由”的基建管道。,不具备。CRWD 提供针对 AI 工作负载的安全保护（ASPM），但不涉及模型本身的训练管理、工件托管或推理执行。,"结论
符合。 虽非纯粹的 API 次数计费，但 AI 带来的云工作负载扩张与日志数据暴增，均能有效转化为其核心指标的线性增长。",AI 驱动的恶意软件需要同等甚至更强大的 AI 平台来防御。CrowdStrike 在 2026 财年第四季度的电话会议中明确指出，其模型消耗的是“净新增专有数据”（Net data creators）。AI Coding 造成的攻击面扩大，直接转化为 Falcon 平台的训练养料，使其网络效应越发不可逾越。,极端长期来看，如果 AI 编程助手（如升级版 Claude/Copilot）能够在代码编写阶段实现 100% 的“安全设计（Secure by Design）”，从源头消灭软件漏洞，那么终端防御的价值可能会被部分削弱。但从当前技术成熟度看，这属于科幻级别的远期风险。,"**财报时间：** 2026年3月3日（2026财年第四季度）
**数据表现：** 营收 13.1 亿美元（同比增长 23%）；EPS 1.12 美元（超预期的 1.10 美元）。创下年度经常性收入（ARR）突破 52.5 亿美元的里程碑（同比增长 24%）。营业利润率达 25%。
**市场反应：** 尽管业绩全面超预期，但在极端高估值的压力下，财报后盘后股价微跌 4.12% 至 368.99 美元。
**佐证逻辑：** 净新增 ARR 加速增长（单季 3.31 亿美元，同比增长 47%）直接佐证了企业在面对 AI 生成攻击时，正在加速向云原生端点安全龙头集中预算。","8.5 / 10**
**逻辑：** 业务基本面和技术架构完美契合 AI 攻防时代的刚需，是极少数能将 AI 叙事转化为实际 ARR 爆发的软件公司。唯一的扣分项在于其极高的估值透支了部分容错率。

---",核心业务为终端节点保护（EDR）、云工作负载保护（CNAPP）及身份威胁检测。收入模型为 SaaS 订阅模式，核心指标基于 端点数量（Endpoints）、云工作负载数量（Workloads）及日志数据摄入量（GB/TB级别，针对 LogScale 产品）。,如前文所述，AI 的爆发直接导致企业在云端部署的容器、虚拟机（VM）等底层基础设施数量激增，这直接扩大了 CRWD 云安全模块（Falcon Cloud Security）的“工作负载”计费基数。此外，大模型系统复杂的交互会产生指数级增长的机器日志，这对其下一代 SIEM 产品（Falcon LogScale）基于数据量级的计费产生了直接的线性促进作用。,CRWD 的 Non-GAAP 毛利率维持在 78% 左右。由于其采用轻量级单一代理（Single-Agent）架构，平台扩展的边际成本极低。即使云端数据吞吐量激增，其底层图数据库（Threat Graph）的规模效应也能确保利润率不被稀释。,符合,1
S,"SentinelOne, Inc.",Cybersecurity,+13.32%,不符合,6.0,主营端点检测与响应（EDR/XDR）。采用端侧本地运行的行为 AI 引擎，解决企业设备免受恶意软件、无文件攻击以及横向移动威胁的问题。,不符合。其核心产品 Singularity Endpoint 按设备数量（端点）收费。尽管其 Singularity Data Lake（数据湖）模块具有按数据提取量计费的特征，但该模块在总营收中占比较小，不足以使其转变为类似 DDOG 的消费模式。,不符合。主要驱动来自终端设备数量的扩充，以及向 EDR、XDR 和云端工作负载安全（Cloud Security）模块的演进。,不符合。解决的是恶意软件拦截与威胁溯源，并非 AI 代码产出或大模型调用的可观测性与性能瓶颈。,不符合。产品旨在监控系统进程以发现异常，本身不具备针对大语言模型的专属管理或调试能力。,"结论
不符合。尽管公司本身在积极“AI 化”并引入了数据摄取计费模式，但其核心底座逻辑仍是基于物理/虚拟端点数量的存量博弈。AI 模型的直接使用频次与 Token 消耗，无法对其核心指标产生高度敏感的线性促进作用。",对抗 AI 驱动的机器速度攻击，静态特征库已彻底失效。Morgan Stanley（2026年3月）报告专门指出，部署 AI 驱动的防御系统是遏制违约成本的关键。SentinelOne 底层原生的自主 AI 算法恰好迎合了“以 AI 对抗 AI”的技术逻辑。,AI 的提效让大型企业有能力加速 IT 架构的整合（Vendor Consolidation）。客户更倾向于向 Microsoft（Defender 结合 Security Copilot）或 Palo Alto 等大平台收拢预算。作为纯粹的端点安全单品，SentinelOne 面临严峻的定价权压力和份额挤压。,多空交织。根据 Public.com 于 2026年5月8日的最新分析汇总，尽管公司管理层注重盈利改善（预计 2027 财年营业利润率将从 3.5% 升至 9.6%），但近期面临 CFO 换帅的动荡。同时，分析师担忧其 2027 财年 Q1 营收可能达不到上一季度的退出 ARR（年度经常性收入），这构成了执行层面的隐患。,*   **综合评分：** 6 / 10,SentinelOne 的核心业务是端点保护平台（EPP）与扩展检测响应（XDR）。其核心收入模型主要依赖于终端设备部署量（基于设备/坐席订阅收费），并伴随一定比例基于 XDR 数据湖的日志摄取量收费。,"对于其 EPP 基本盘而言，与前述 SaaS 类似，员工使用 AI 依然在原有的 PC 或服务器上执行，物理或虚拟终端数量并不会因 LLM 交互增多而膨胀。
尽管 SentinelOne 推出了 Purple AI 助手，并且其 Singularity XDR 业务会随企业安全日志（Telemetry Data）摄取量的增加而获益，但这部分安全日志的增长主要是宏观云迁移的红利，与大模型本身“推理次数/Token消耗量”的直接耦合度较低。相较于 DDOG（直接监控云资源调度、API 调用频次并按流量/算力消耗收费），SentinelOne 的主营盘面仍被端点订阅制牵制。",截至 2026 财年（截至 2026 年 1 月），SentinelOne 营收规模突破 10 亿美元量级，且在资产负债表上拥有超过 6 亿美元的流动性并维持正向自由现金流。虽然其 Non-GAAP 毛利稳定，但高昂的获客成本使得其在 GAAP 层面仍处于净亏损状态。若未来 Purple AI 的算力推理成本飙升，可能会在边际上对其整体软件利润率带来短期扰动。,不符合,0
OKTA,"Okta, Inc.",Cybersecurity,+0.31%,不符合,7.0,主营身份与访问管理（IAM）。通过单点登录（SSO）和多因素认证（MFA），解决企业内部员工及外部客户跨应用的统一身份认证和权限收口问题。,不符合。员工身份（Workforce Identity）按每用户每月（Per User/Month）计费；客户身份（CIAM）按月活跃用户（MAU）分阶梯计费。均与 AI 产出量和代码量无关。,不符合。NRR 驱动力来自企业扩大使用部门（增加员工席位）或升级高级 MFA/治理模块。AI 甚至可能因为替代初级开发岗位而对总体员工席位数产生通缩压力。,不符合。Okta 的核心是 IAM（身份与访问管理），与底层微服务或大语言模型带来的代码行数激增毫无关联。,不符合。产品不涉及 AI 模型的构建、版本控制或推理监控。,"结论
不符合。核心业务以“物理人类/身份数”为计价边界，与大模型计算量或数据吞吐量严重脱钩。",AI Coding 让企业开发微服务和自动化 AI Agent 的成本无限逼近于零。当非人类（Machine-to-Machine）的 API 调用和独立 Agent 呈指数级膨胀时，每一个独立运行的代码实体都需要唯一的身份凭证，这将极大拓宽 Okta 特权访问管理（PAM）的机器身份市场。,AI 降低了基础开发的门槛，使得企业可以更低成本地在 AWS 或 Azure 上利用原生云组件自行搭建定制化的身份校验包装层。Okta 作为“接入极其复杂因此具备护城河”的商业逻辑正在被 AI 瓦解。,偏利好。根据 2026年5月6日披露的 2026 财年第四季度（及全年）财报，Okta Q4 营收 7.61 亿美元（同比增长 11%）；非公认会计准则摊薄后 EPS 为 0.90 美元，大幅击败分析师预期的 0.62 美元；自由现金流达 2.52 亿美元（占总营收 33%），证明其在效率收缩期依然维持了极强的盈利转化能力。,*   **综合评分：** 7 / 10,Okta 的核心业务是身份与访问管理（IAM），分为员工身份（Workforce Identity）和客户身份（CIAM）。其核心收入模型同样是基于坐席量（Per User Per Month）以及针对 CIAM 业务的月活跃用户量（MAU）。,大语言模型的普及并不会凭空创造更多的企业员工，也不会显著增加真实的 C 端总网民数量。虽然 Okta 近期正积极布局并探索针对“AI 智能体（AI Agents）”和机器身份（Machine-to-Machine）的授权架构，试图从自动化的 AI 工作流中实现二次变现，但截至目前，其营收大盘仍被人类身份锁死。用户侧 AI 用时或计算量的增长，完全无法转化为身份订阅授权量的增长。,Okta 具备极强的财务韧性，Non-GAAP 毛利率常年维持在 80% 以上。身份验证请求的边际计算成本极低，因此即使 AI 自动化带来了底层高频的 API 验证请求，也不会对其毛利结构造成冲击。,不符合,0
TENB,"Tenable Holdings, Inc.",Cybersecurity,-3.96%,不符合,7.0,Tenable 是漏洞管理与暴露面管理（Exposure Management）领域的龙头，核心产品是 Nessus 漏洞扫描器。其通过扫描企业的 IT、云端和 OT 环境，帮助客户发现并修补软件漏洞和配置错误。,不符合。TENB 提供漏洞与暴露面管理，采用基于资产 (Per-Asset，如 IP、云资源或 Web 应用) 的订阅定价模式（如其推行的 Flex 模型）。并不属于与数据处理量直接挂钩的 Consumption-based 消耗模式。,不符合。NRR 的主要驱动力在于客户网络中受扫描资产的横向扩张以及向 Tenable One 平台的升级，并非由大语言模型深层交互带来的流量与用量飙升。,不符合。尽管 AI 生成活动可能间接增加企业的云工作负载（扩大了需要扫描的资产基数），但 TENB 并不直接解决 AI 软件工程中爆发的代码管理压力或微服务系统的运维复杂性。,不符合。主要监控 IT、OT 及云基础设施的安全漏洞，不覆盖对 AI 算法模型层或大语言模型推理链路的直接管理。,"结论
   符合。按 IT 资产/工作负载计费的业务模型，使其能够无缝且线性地捕获企业部署和使用大语言模型时产生的基础设施膨胀红利。",自动修复代码的生成与威胁情报分析的提效。逻辑在于，发现漏洞后，企业通常需要耗费大量时间编写补丁或修复脚本。AI 编码工具可以直接基于 Tenable 的漏洞扫描结果生成修复代码（Remediation scripts）。Darktrace 于 2026 年 2 月 3 日的报告指出，96% 的网络安全专业人士认同 AI 显著提升了他们的工作效率，Tenable 的平台可以借此从“仅发现漏洞”向“自动化修复漏洞”的业务闭环延伸。,海量低质量代码带来的漏洞通胀。逻辑在于，随着企业内部开发人员大量使用 AI 生成代码，软件产出速度呈指数级上升，但同时也会不可避免地引入大量新型漏洞。Darktrace 报告明确指出，73% 的受访者表示 AI 驱动的威胁已经对组织产生了重大影响。Tenable 传统的基于已知签名（Signature-based）的扫描模式，面对 AI 瞬间生成的 0-day 漏洞代码可能面临算力和响应速度的瓶颈。,2026 年 5 月 5 日，Tenable 发布了 Q1 2026 财报。财报显示，一季度 EPS 为 0.47 美元，大幅超过市场预期的 0.41 美元；总营收达到 2.621 亿美元，同样超出预期的 2.588 亿美元。公司上调了 2026 全年业绩指引。此外，公司 CFO Matthew Brown 于 2026 年 5 月 4 日以 21.54 美元的均价购入了价值约 25.8 万美元的本公司股票。财报数据和内部人士净买入明确佐证了企业客户对漏洞管理平台的需求在 AI 时代不仅没有缩减，反而在扩张。,"7 / 10**（偏利好。财报数据强劲，AI 导致代码量激增直接扩大了 Tenable 的 TAM 即潜在可用市场。）
---","核心业务：漏洞管理（VM）与企业资产暴露面管理。
   收入模型：SaaS 订阅模式，主要基于“IT 资产数量”（如 IP 地址、云虚拟机、容器、微服务实例等计算节点）进行定价。
   核心指标：被扫描的底层 IT 资产/云工作负载数量。",随着大语言模型应用进入深水区，企业为了支撑 AI 模型的微调、检索增强生成（RAG）以及 AI Agent 的运行，必须大量增设云基础设施、数据库和独立计算实例（即“Shadow AI”工作负载）。在这个逻辑下，每一个为满足 LLM 算力消耗而新启动的虚拟机或容器，在安全合规要求下都构成了一个全新的“计费资产”。云端 AI 消耗量的上升，等比例放大了企业的云基础设施规模，从而直接线性驱动了 Tenable 的资产扫描授权许可需求。,,符合,1
VRNS,VARONIS SYSTEMS INC,Cybersecurity,-10.96%,不符合,7.0,Varonis 专注于数据安全态势管理（DSPM）。其核心技术是监控非结构化数据（如企业网盘、内部文档、电子邮件等）的访问活动，通过分析权限和行为基线，防止内部数据泄露和勒索软件攻击。,不符合。VRNS 专注于数据安全态势管理 (DSPM)，定价体系多基于企业数据存储层级或被保护用户数的订阅，未实现随大模型产出量绝对线性增长的计费模式。,不符合。据 2026 年第一季度数据，其 SaaS ARR 强劲增长，但这主要依赖本地许可客户向 SaaS 的转化以及企业增购数据保护模块，并非单个客户因单点数据用量井喷带来的增量。,不符合。VRNS 解决的是内部数据权限过度分配及安全防范（例如管控 Copilot 工具的数据访问边界，防止泄密），而非针对运维层面的“系统复杂性剧增”。,不符合。其管理对象是企业内部投喂给 AI 训练或检索的底层结构化/非结构化数据池，但不介入 AI 模型自身产出物或推理逻辑的管理。,"结论
   符合。大语言模型的高频使用直接引发非结构化数据的海量生成及权限管控危机，VRNS 基于数据量和平台覆盖度的收费模式，能实现与 AI 繁荣的线性共振。",企业 AI 部署的“前置基础设施”红利。逻辑在于，企业在引入如 Copilot 或自主化大模型前，必须确保其语料库（企业内部数据）的权限是干净的，否则 AI Agent 可能会读取并泄露高管的机密文件。Varonis 的权限清洗工具成为了企业安全部署内部 AI 的刚需。,数据窃取脚本的快速变种化。逻辑在于，内部恶意员工或外部攻击者可以利用 AI 编码工具，快速编写针对 Varonis 监控盲区的数据低频抓取或混淆外传脚本。Darktrace 2026 年的报告指出，AI 正在被用于加速从初始入侵到数据外传（Data Exfiltration）的整个杀伤链。,2026 年 4 月 28 日，Varonis 发布了 Q1 2026 财报。报告期内实现营收 1.731 亿美元，同比增长 27%；EPS 为 0.06 美元，大幅击败市场预期的亏损 0.05 美元。SaaS 年度经常性收入（ARR）增长了 29%。然而，由于毛利率出现下滑，股价在盘后下跌了 1.6%。这份财报佐证了企业对数据安全的顶层需求旺盛（营收高增长），但也反映出在与 AI 攻击对抗的过程中，Varonis 提供 SaaS 服务的计算或运营成本可能正在上升（毛利率下滑）。,"7 / 10**（偏利好。营收的强劲增长证明其在数据防泄漏领域具备不可替代性，但利润率压力需要警惕。）
---","核心业务：数据安全态势管理（DSPM），专注于企业非结构化数据的监控、权限控制与自动化修复。
   收入模型：SaaS 订阅模式，综合基于“受保护的数据存储总容量”、“监控的用户数量”以及“覆盖的协作平台数量（如 Microsoft 365, AWS）”进行计费。
   核心指标：受管辖的数据体量、企业级平台覆盖率。",大模型在企业端（如 Microsoft 365 Copilot）的规模化使用是 VRNS 核心业务的极端催化剂。首先，企业在部署 Copilot 前，面临着致命的数据越权风险（AI 会将无权限保护的机密文件直接汇总给普通员工），这强制企业必须前置采购 VRNS 理清权限。其次，大模型在日常运转中，无论是摄取（Ingestion）还是生成（Generation），都在制造海量的非结构化数据。这两种效应直接导致企业需要被纳管的安全数据体量和平台数量呈指数级飙升。从其 2026 财年 Q1 超越机构预期的业绩（EPS 超出预期 154%）即可印证该逻辑的兑现。,高度韧性。VRNS 完成 SaaS 转型后，非结构化数据的爆炸并未对其云端审计引擎带来不可控的交付成本，其毛利率能够稳固在 80% 以上的水平，随着单客户数据量（ARPA）的上行，利润模型极其健康。,符合,1
AVPT,"AvePoint, Inc.",Cybersecurity,-13.77%,不符合,7.0,AvePoint 是微软生态（Microsoft 365）及多云环境下的数据管理与安全SaaS平台。其面向中大型企业，通过自动化的数据迁移、备份和合规治理技术，解决企业在数字化协作中面临的数据无序扩张（Data Sprawl）和隐私合规问题。,不是完全的 Consumption-based。根据其 2026 年第一季度的最新财报，AVPT 经常性收入占比达 88%，正向 SaaS 加速转型。其核心计费模式建立在企业协同环境（如 Microsoft 365）的“用户席位（Seat-based）”和“受保护数据层级”上，不随 AI 代码量或模型产出呈线性计费。,主要来自客户横向扩展。最新财报显示其 NRR 为 111%，增长核心动能来自 ARR 大于 10 万美元的大客户群组（2026 年第一季度达 863 家，同比增长 25%）以及渠道端（贡献 58% ARR），而非单一客户算力使用量的爆发。,不涉及代码或系统底层架构复杂性。AVPT 的核心卡位是企业内部的数据治理、备份与权限管理（如帮助企业在引入 Copilot 前梳理数据访问权限以防止内部机密泄露），属于管理层面的合规工具。,不具备。其不涉及任何关于大模型权重（Weights/Artifacts）管理或 AI 边缘推理过程的基础设施能力。,"结论
不符合。 核心指标受限于坐席量，大语言模型使用频次的增加对其收入没有明显的线性促进作用。",AI 编程和 Agent 的爆发将成倍增加企业内部的数据生成速度与API调用复杂度。企业在部署企业级大模型（如 Copilot）时，必须确保底层数据权限的绝对安全，否则极易发生机密代码或商业数据的越权访问。AvePoint 定位为“AI 采用技术栈中的信任层（Trust Layer）”，其数据治理能力成为企业安全部署 AI 前的刚需基础设施。,长期的逻辑风险在于底层基础设施厂商的反噬。随着 AI 编程工具越来越强大，微软等底层云厂商有可能利用自身的 AI 能力，原生集成更高级的数据治理和备份功能，从而侵蚀 AvePoint 这类第三方 SaaS 工具的市场份额。,"**财报时间：** 2026年5月7日（2026财年第一季度）
**数据表现：** 营收 1.172 亿美元（同比增长 26%，超预期），但 EPS 为 0.07 美元（不及预期的 0.08 美元）。年度经常性收入（ARR）达到 4.352 亿美元。
**市场反应：** 财报公布后盘后股价上涨 2.24% 至 10.49 美元。
**佐证逻辑：** 营收的强劲增长（SaaS 收入同比增长 35%）佐证了企业在 AI 时代对数据治理的刚需（利好）；但 EPS 的不及预期则暴露了在激烈竞争中维持增长所付出的高昂运营成本（利空）。","7 / 10**
**逻辑：** 属于 AI 基础设施的“卖水人”。企业在上云和部署 AI 过程中的数据治理需求是确定的，基本面健康，但利润率压力限制了其获得更高估值溢价的可能。

---",AvePoint 的核心业务是为 Microsoft 365 生态系统提供数据迁移、管理、备份与治理服务。其核心业务收入模型为 SaaS 订阅模式，核心指标主要基于 企业用户坐席量（Seat-based） 以及管理的数据总量规模。,微软推出 M365 Copilot 虽然会在宏观上促进 M365 的企业渗透率，并衍生出对数据访问权限治理的需求，但 AVPT 的收费本质上锚定的是企业的员工数量（坐席）。企业内部员工对大语言模型（如 Copilot）的使用频率（哪怕每天调用 1000 次），不会带来 AVPT 订阅收入的线性增长。其业务受制于企业人员编制的总量天花板。,在用量激增（如果有）的假设下，其 Non-GAAP 毛利率（通常维持在 73% 左右）可以维持，因为其主要成本结构为研发和云托管，不承担大模型的算力成本。,不符合,0
CHKP,CHECK POINT SOFTWARE TECHNOLOGIES LTD,Cybersecurity,-36.51%,不符合,4.0,Check Point 是全球老牌网络安全巨头，核心业务为企业防火墙、VPN 及网络安全防护。面向大型企业及政府机构，通过其第五代网络安全架构（Gen V）和威胁情报网络，解决网络边界防御和恶意软件拦截问题。,强锁定、非消费型订阅。根据 2026 年 4 月至 5 月期间披露的 2026 财年第一季度数据，其主营收入依赖基于网关/防火墙硬件及对应软件安全模块的年化订阅（Subscription）与维保，计费要素僵化，与 AI 消耗量毫无关联。,不涉及用量爆发。机构（如 Cantor Fitzgerald）近期的研报指出，CHKP 处于长期的个位数增长瓶颈。公司在 2026 Q1 的财报电话会议中承认，正在进行的 GTM（走向市场）策略重组对 2026 年短期收入预期产生了负面影响，其增长依赖抢夺新客户或提高产品组合渗透率，而非用量驱动。,传统边界网络安全防护，未涉及 AI DevOps 或云原生代码量爆炸所带来的微服务监控痛点。,不具备。无任何涉及 AI 模型生命周期管理或推理的底层设施。,"结论
不符合。 典型的传统 IT 安全收费模式，缺乏捕捉 AI 算力或 API 激增的弹性计费机制。",Morgan Stanley 在 2026年3月27日 的研报中指出，GenAI 降低了攻击者的门槛，使得自动化漏洞扫描和网络攻击规模化。AI Coding 导致恶意代码变种的生成成本趋近于零。CHKP 的 AI 驱动暴露管理（AI-driven exposure management）可以通过机器速度对抗机器攻击，加速安全响应时间。,技术债务风险。Goldman Sachs（2026年4月23日）强调，在 AI 时代，企业底层系统的“结构完整性”至关重要。CHKP 长期依赖传统的防火墙硬件和本地软件部署模型，其底层架构相较于云原生竞争对手显得臃肿。AI Coding 加速了企业向云端和边缘计算的迁移，这将加速淘汰传统的基于物理边界的安全模型。,"**财报时间：** 2026年4月30日（2026财年第一季度）
**数据表现：** 营收 6.68 亿美元（同比增长约 5%，不及预期的 6.72 亿美元）；EPS 2.50 美元（超预期的 2.42 美元）。
**市场反应：** 财报公布后，由于产品营收不及预期以及重组带来的短期阵痛，股价在盘前遭遇重挫（跌幅超 12%），5月8日最新收盘价徘徊在 115.56 美元低位。
**佐证逻辑：** 财报表现完全印证了利空逻辑——旧有的产品线（硬件/传统许可证）销售正在萎缩，尽管订阅收入增长 11%，但不足以掩盖其在云时代的转型迟缓。","4 / 10**
**逻辑：** 估值虽低（P/E 约 11.8 倍），但业务模式在 AI 云原生时代显得陈旧，属于防御性而非成长性资产，在应对 AI 自动化攻击的底层架构敏捷度上处于劣势。

---",Check Point 的核心业务是企业级网络安全防护（防火墙硬件、软件刀片、云安全）。收入模型为“硬件设备销售 + 软件订阅/授权”，核心指标基于 设备节点数、网络带宽层级及企业规模（坐席/网关数）。,大语言模型时代，虽然整体网络流量会有所增加，但 CHKP 传统的边界安全和防火墙业务与 AI 的内部调用逻辑不具备强关联。企业的 AI 算力消耗和 API 调用次数飙升，并不会要求企业线性增加防火墙网关的数量。其从硬件向 Infinity 订阅架构转型的过程，依然受到企业 IT 整体预算和物理/虚拟网络边界数量的限制，而非用量驱动。,CHKP 具备极高的 Non-GAAP 毛利率（常年接近 88-89%），因为其软件化程度高且商业模式成熟。即便网络流量增加，其毛利率依然坚如磐石。,不符合,0
GEN,Gen Digital Inc.,Cybersecurity,-12.58%,不符合,6.0,消费者数字安全巨头（由 NortonLifeLock 和 Avast 合并而来）。面向个人消费者及家庭，通过端点杀毒、身份防盗（LifeLock）和隐私工具，解决个人设备中病毒、钓鱼欺诈和身份信息泄露问题。,绝对的个人订阅制。依据 2026 年 5 月发布的 2026 财年全年财报（全年营收突破 50 亿美元），其旗下产品（Norton、Avast、LifeLock）均为面向 C 端消费者的按时间付费（包月/包年）软件套件，不存在任何与 AI 处理量相关的计费单元。,与用量无关。增长来自用户留存率的稳定以及产品定价能力的提升（如身份盗用保护模块的附加售卖），业务逻辑呈线性缓增。,不解决企业级 AI 痛点。它防御的是 AI 深度伪造（Deepfake）诈骗、网络钓鱼等针对个人用户的端侧攻击。,不具备。彻底的 ToC 消费者业务，远离 AI 模型训练或推理层。,"结论
不符合。 业务逻辑完全隔离于大模型算力/用量生态之外。",AI Coding 和生成式 AI 使得网络钓鱼、深度伪造（Deepfake）和个人数据勒索变得异常逼真和低成本。普通消费者极难分辨 AI 生成的钓鱼链接。这直接推高了消费端对“信任基准解决方案（Trust-Based Solutions）”及身份防盗的焦虑式购买需求。,操作系统原生的 AI 替代风险。随着 Apple Intelligence 和 Windows Copilot 在个人 PC 和手机底层的深度整合，AI 助手将具备系统级的安全接管能力。这种原生整合可能在未来几年直接绕过第三方杀毒软件，使得 GEN 的核心端点防护业务被边缘化。,"**财报时间：** 2026年5月7日（2026财年第四季度）
**数据表现：** 营收 12.8 亿美元（同比增长 27%，超预期的 12.4 亿）；EPS 0.67 美元（超预期的 0.65 美元）。营业利润率高达 50%。
**市场反应：** 盘后股价上涨 3.22% 至 20.05 美元。
**佐证逻辑：** 营收 27% 的暴涨证明了上述正面影响正在兑现（消费者在 AI 诈骗泛滥下的恐慌性购买）。高达 50% 的利润率表明其作为“现金牛”的地位稳固。","6 / 10**
**逻辑：** 短期业绩极具爆发力且估值具有吸引力（P/E 约 20），但其商业模式护城河较浅，面临底层 OS 厂商 AI 原生化的长期结构性威胁。

---",由 NortonLifeLock 和 Avast 合并而来，核心业务是 ToC 端（消费者）的网络安全、身份防盗及隐私保护工具。收入模型为直接面向消费者的 B2C 订阅，核心指标为 按年/月付费的活跃用户数（Subscribers）及 ARPU（每用户平均收入）。,纯粹的 C 端静态订阅模式。虽然 AI 降低了网络钓鱼和诈骗的门槛，可能在一定程度上唤醒消费者的安全意识，但从财务模型看，消费者在日常生活中高频使用 ChatGPT 或 Claude，与 GEN 的核心指标毫无关联。一个用户每天花 5 小时使用 AI，也不会让 GEN 多赚一分钱。,该公司的 Non-GAAP 毛利率极高（超 85%），因为其核心产品标准化程度极高，边际交付成本几乎为零。但在 AI 时代，其利润率的维持更多源于成本控制而非业务扩张。,不符合,0
RBRK,"Rubrik, Inc.",Cybersecurity,-17.40%,不符合,8.0,主营零信任数据安全与韧性。通过不可变备份（Immutable Backups）和基于异常检测的恢复机制，解决企业在遭遇勒索软件攻击或毁灭性宕机时的数据快速重建问题。,部分符合，但本质不符。Rubrik 采用基于前端存储容量（FETB）的计费模式。大模型生成的海量数据确实会增加企业的备份量，从而间接推高 FETB 订阅收入，但这属于静态数据的后置保护，而非与 AI 在线调用量线性挂钩的纯 Consumption-based。,不符合。数据总量的自然膨胀是 NRR 的基础，但更多增长来自于勒索软件防护需求的提升和 DSPM（数据安全态势管理）的渗透，而非大模型计算量的爆发。,不符合。Rubrik 解决的核心痛点是勒索软件攻击后的数据恢复与合规审计，与解决 AI 系统复杂性无关。,不符合。它保护的是存在存储中的结构化/非结构化数据，不是专门为追踪、管理 AI 模型训练参数（Weights）或推理状态设计的工具。,"结论
符合。数据是大模型的直接燃料，Rubrik 核心计费锚定数据容量，能够在大模型用量激增引发的数据膨胀中获得确切的线性业绩促进，且 Non-GAAP 毛利率具备扩张韧性。",AI 使黑客能够自动化生成多态恶意软件并大规模执行高针对性网络钓鱼。防线被突破的概率呈几何级上升，这使得数据备份不再只是合规手段，而是企业生存的最后底线，Rubrik 的不可变存储直接受益于此种恐慌诉求。,现代 AI 架构（如基于大模型权重、无状态计算节点和原生向量数据库的系统）与 Rubrik 赖以起家的传统虚拟机（VM）和关系型数据库备份逻辑存在结构性错位。如果数据全部流向云原生的 AI 数据湖，传统备份市场的 TAM（总潜在市场）将被压缩。,偏利好（机构预期层面）。Fintel 在 2026年5月2日汇总的数据显示，79 位分析师普遍给出了“买入”或“跑赢大盘”的评级（包括 BMO 和 Jefferies 于 4 月底的重申），平均目标价为 86.91 美元，对比当前 61 美元的股价有较高溢价，显示出机构对其防御性基本面的认可。,*   **综合评分：** 8 / 10,"Rubrik 的核心业务是数据安全态势管理（DSPM）、零信任数据保护与勒索软件恢复。其收入模型是纯粹的数据容量订阅制，核心指标是受保护的前端数据容量（Front-End Terabytes, FETB）。",大语言模型的训练、微调以及 RAG（检索增强生成）高度依赖于海量、持续膨胀的结构化与非结构化内部数据。AI 时代本质上是企业内部私有数据的爆炸时代。为了让 AI 工具生成更准确的内部洞察，企业必须唤醒并整合庞大的历史“暗数据”，并需要对这些核心训练语料库提供防勒索保护和数据清洗溯源。由于 Rubrik 的计费模型直接挂钩“数据容量”，企业随着大模型应用加深而呈指数级增长的数据堆积，将直接、线性地转化为 Rubrik 的订阅 ARR 增量。,Rubrik 在数据吞吐量大幅增加的背景下展现了极强的规模效应。根据其 2026 财年第四季度（截至 2026 年 1 月 31 日）财报数据，其订阅 ARR 同比大增 34% 至 14.6 亿美元，同时其 Non-GAAP 毛利率从 2025 财年同期的 79.7% 进一步扩张至 83.7%。这证明了它完全能够消化用量激增带来的云存储和算力调度成本，不仅利润率未被压缩，反而持续扩张。,符合,1
QLYS,"QUALYS, INC.",Cybersecurity,-28.04%,不符合,7.5,主营漏洞管理、检测与响应（VMDR）。依靠部署在云和本地的轻量级扫描传感器，解决企业 IT 资产梳理、漏洞量化及合规性风险排查的问题。,不符合。计费基准为扫描的“IP 数量”或“物理/云端资产（Assets）数量”。即使 AI 让每个资产内部运行的代码复杂了一百倍，只要 IP 数量不变，Qualys 的收入就不会增加。,不符合。NRR 主要依赖于客户覆盖的 IT 环境扩大，或订阅更高级的 VMDR（漏洞管理、检测与响应）及补丁管理模块。,"不符合。虽然 AI 带来的“代码爆炸”会增加代码级漏洞，但 Qualys 主要进行基础设施层面的被动扫描。应用程序代码级的痛点更多由 SAST/DAST/SCA 工具（如 Snyk, Veracode）或运行时的可观测工具解决。",不符合。无法管理 AI 模型资产或审计推理过程。,"结论
不符合。订阅收费与具体的硬件资产/端点数量深度绑定，缺乏大模型数据交互量飙升带来的线性催化。",AI 使得全行业代码总行数呈爆发式增长，其中不可避免地夹杂着 AI 幻觉生成的脆弱代码、废弃依赖项以及逻辑漏洞。代码基数的绝对膨胀直接扩大了攻击面，从而提升了对持续自动化漏洞扫描的刚性需求。,AI 带来了安全测试的终极“左移（Shift-Left）”。如果下一代 AI IDE（集成开发环境）能在编写代码的瞬间完成安全审计和自我修复，实现“天生安全”，Qualys 这种基于上线后被动扫描的“后置安全”模式将面临生存危机。,利好。Zacks 于 2026年5月6日发布的最新报告显示，Qualys 2026 年 Q1 营收为 1.76 亿美元，EPS 为 1.95 美元，双双击败市场共识预期。公司将 2026 全年营收指引上调至 7.21 亿至 7.27 亿美元，且渠道合作伙伴带来的收入同比增长 17%，表明其底层需求未被 AI 冲击破坏。,*   **综合评分：** 7.5 / 10,Qualys 核心提供云端漏洞管理、检测与响应（VMDR）服务。其收入模型是基于年度或多年度订阅制，核心指标是企业所部署的 IT 资产数量、IP 数量及终端 Agent 数量。,Qualys 的业务逻辑是盘点并扫描企业的各类底层服务器和终端资产漏洞。大模型时代，企业可能会扩容 GPU 算力集群从而带来一部分新增资产，但 LLM 的算力消耗特点是“单节点/特定集群内的高并发运算与显存吞吐”，而非大规模分散的 IP 地址或终端扩张。企业员工高频调用大模型，既不会增加企业内网的路由器数量，也不会让笔记本电脑的数量翻倍。因此，AI 用量红利对 Qualys 核心资产扫描计费量的带动极微。,根据最新披露的 2026 财年第一季度财报，Qualys 展现了坚固的盈利能力，运营利润率达 35%，预期净利润率提升至 27.19% 左右。平台高度标准化，财务韧性极强。但由于缺乏用量爆发逻辑，近期华尔街大行已普遍下调其营收增速预期（目前预期降至 7% 左右区间）。,不符合,0
SAIL,"SailPoint, Inc.",Cybersecurity,-35.46%,不符合,5.0,SailPoint 核心业务是企业级身份安全与治理（Identity Security and Governance）。其通过提供自动化平台，帮助大型企业管理员工、承包商和机器身份的访问权限，确保“正确的人在正确的时间拥有对正确数据的访问权限”，解决合规性和内部越权风险问题。,不符合。SAIL 核心为身份治理与管理 (IGA)，主要采用基于用户身份数量 (Per-Identity) 或企业规模的 SaaS 订阅制计费。计费因子并不随 AI 产出（如生成的代码量或 Token 消耗）呈线性增长。,不符合。其 NRR 增长源自企业员工/数字身份规模的扩张以及跨模块（如接入更多第三方系统）的交叉销售，而非单一客户算力或大模型 API 调用的用量爆发。,不符合。核心旨在解决企业权限合规与访问安全，未涉及应对 AI 应用层产生的“代码爆炸”或复杂系统架构运行时的监控痛点。,不符合。完全不具备管理 AI 权重 (Weights)、工件 (Artifacts) 或 AI 推理运行过程的能力。,"结论
   不符合。其核心指标锚定于物理人员结构与身份基数，与大模型的“底层云端算力消耗/API调用量”脱钩，无法享受到 AI 使用量线性增长的红利。",加速 API 与企业系统的集成。逻辑在于，身份治理通常需要与企业内部成百上千个定制化应用进行对接。根据 Anthropic《2026 Agentic Coding Trends Report》的分析，AI 智能体目前已经能够以极少的人工干预，连续多天进行跨系统开发。这将大幅降低 SailPoint 部署时的实施成本和集成周期，提高客户的 SaaS 订阅转化率。,身份欺诈和越权脚本的自动化构建门槛断崖式下降。逻辑在于，AI 编码工具让黑客能够快速生成针对特定企业 API 漏洞的攻击代码。根据 Darktrace 于 2026 年 2 月 3 日发布的《The State of AI Cybersecurity 2026》研报指出，AI 正在加速攻击杀伤链中的“权限提升（Privilege Escalation）”环节。这要求 SailPoint 必须投入更高的研发成本来升级其异常行为检测引擎，否则其传统防护逻辑将被轻易绕过。,在本次定向检索中，缺乏足量的事实数据和具体日期的财报发布新闻进行确切归因。目前仅获取到 Fintel 对其未来的估值预测，无法基于近期实际财务数据对其受 AI 影响的利空或利好提供确切佐证。,"5 / 10**（中性。身份治理是刚需，但攻防两端的 AI 编码能力正在相互抵消，且缺乏最新财报数据的明确支撑。）
---","核心业务：企业级身份治理与管理（IGA），防止内部越权与未授权访问。
   收入模型：SaaS 订阅模式，主要采用按“被管辖的身份数量（Per-Identity/Seat）”结合功能模块（如 AI 数据分析模块）的分层计费模式。
   核心指标：企业员工/外包人员等纳入管理的身份总数、SaaS 年度经常性收入（ARR）。",尽管 SAIL 在其治理平台内部使用了 AI（用于异常权限检测），且正在扩展机器身份（Machine Identity）管理，但其面向客户的核心计费逻辑依然强绑定于“企业的人员规模”。在 AI 时代，大语言模型的高频调用与使用量激增，并不会导致企业基础人类员工数量的线性膨胀；相反，AI 的应用甚至可能优化并抑制人员规模的扩张。因此，LLM 日常使用量的增加与 SAIL 核心的“身份订阅数量”不存在因果传递关系。,SAIL 已实现深度的 SaaS 转型，具备较强的毛利韧性（历史维持在 80% 左右的高位）。但由于计费模式缺乏弹性，当企业底层算力与大模型调用量爆发时，SAIL 无法获得增量的边际营收以进一步摊薄研发成本。,不符合,0
NTSK,Netskope Inc,Cybersecurity,-31.24%,不符合,5.0,主营安全服务边缘（SSE）和云访问安全代理（CASB）。以云原生架构和零信任网络访问（ZTNA）技术，解决企业在混合办公和多云环境下的数据防泄漏（DLP）与应用访问控制问题。,不符合。作为 SSE/SASE（安全服务边缘）提供商，其计费严格依赖于“受保护用户/坐席数”以及带宽层级。员工使用 AI 生成再多代码，也不会触发其订阅费用的线性增长。,不符合。其 NRR 增长源于企业整体数字化转型带来的用户基数扩张，以及向现有客户交叉销售新模块（如 DLP、CASB 到 ZTNA），而非单个用户因为 AI 造成的数据吞吐量爆发。,不符合。Netskope 解决的是云端数据防泄漏（DLP）和安全访问控制（如阻止员工将机密代码复制到公共 ChatGPT 中），并不解决“代码爆炸”或 AI 基础设施的系统复杂性。,不符合。它在网络流量层进行拦截和分析，完全不具备管理 AI 模型（Weights/Artifacts）或介入 AI 运行和推理过程的能力。,"结论
不符合。核心指标受坐席数量封顶，无法随着大语言模型使用量（推理次数或并发数）的激增而产生明显的线性促进作用。",员工大量使用外部 AI 编码助手（如 Claude、ChatGPT）极易引发专有代码或企业敏感数据非合规外传（Shadow AI 风险）。Netskope 的 CASB 拦截层是监控、审计并阻断此类大模型 API 违规调用的刚需。,随着 Anthropic 等头部 AI 厂商开始提供原生的企业级沙箱、数据隔离机制，或企业直接在本地私有化部署大语言模型，企业对第三方网络拦截层的依赖度将会下降。AI 原生的路由优化也可能挤压其基础 SASE 业务的利润空间。,在当前的检索数据中，缺乏关于 Netskope 在 2026 年最新季报的具体财务指标来进行确切归因。但其股价距 52 周高点下跌逾 60%，是典型的在宏观“AI 替代”情绪下遭遇剧烈抛售的标的。,*   **综合评分：** 5 / 10,Netskope（于 2025 年 9 月以 NTSK 代码完成纳斯达克 IPO）的核心业务是安全访问服务边缘（SASE）、零信任网络访问（ZTNA）和云数据防泄漏（DLP）。其主要收入模型为 SaaS 订阅制，核心业务指标是企业员工坐席数（Seats）及部分带宽流量层级授权。,在 AI 大语言模型时代，尽管企业亟需 Netskope 的 DLP 功能来防止员工将敏感内部数据违规投喂给外部大模型，但这仅构成了业务需求的“必要性”，而非“用量驱动力”。无论单个员工每天向 LLM 发送 10 条还是 1000 条 Prompt，企业支付给 Netskope 的基础授权费依然是固定的单坐席费用。大模型的用量激增几乎不会改变其核心的坐席计费基数。,根据其 IPO 及近期公开披露资料，Netskope 保持了 SaaS 行业典型的高毛利率水平，但因维持极高的研发和销售支出，目前仍处于净亏损状态。在端点流量审查边际增加但无法直接转化为超额订阅费用的情况下，其毛利率维持无虞，但缺乏指数级利润爆发力。,不符合,0
CRWV,"CoreWeave, Inc.",Developer Tools & Data Platforms,+43.91%,不符合,10.0,"*   **业务实质**：专为大规模 GPU 加速工作负载设计的专业云基础设施提供商。
    *   **客户与痛点**：面向 AI 大模型训练商、推理服务提供商及科研机构。解决传统公有云（AWS/Azure）在 GPU 集群互联网络（InfiniBand）上的低效问题，提供裸金属级别的极致算力。",Consumption-based（按需计算）与长期容量预留相结合的 IaaS 模式。直接与 AI 训练和推理的算力消耗（GPU 小时/节点规模）呈强线性关联。,单客户（头部 AI 实验室与大型企业）算力集群规模的急剧扩张。根据其 2026 年第一季度财报，公司积压订单已逼近 1000 亿美元。,解决的是大模型时代的“算力短缺”与“网络互联性能”痛点，属于最底层的物理资源，与应用软件层的“系统复杂性”痛点无关。,提供运行 AI 模型推理与训练的基础设施（裸金属与 Kubernetes 容器），但其本身不提供高附加值的模型工件（Artifacts）版本控制或软件层逻辑管理。,"结论
符合。 纯正的算力消耗模型，用量与模型调用量绝对挂钩。",*   **逻辑**：极端利好。无论是 Anthropic 生成代码，还是驱动千亿参数的 AI 智能体执行任务，其底层唯一的硬通货就是 GPU 算力。代码爆发和任务下发直接转化为对 CoreWeave 算力集群的高频租赁需求，属于绝对的“军火商”逻辑。,*   **逻辑**：几乎没有直接业务冲击。如果强行归因，仅在于未来 AI 编码若能协助底层芯片设计出效率极高的 ASIC，或者算法在推理端实现极致压缩，可能导致单任务的 GPU 消耗边际递减，但在当前（2026年）算力极度短缺的供需周期内，此逻辑不成立。,*   **事实数据**：2026年5月7日发布 Q1 2026 财报，单季营收高达 20.78亿美元（同比翻倍），在手积压订单（Backlog）逼近 994亿美元。截至 2026年5月6日，股价维持在 $137.98 的强劲区间。这从根本上佐证了 AI 算力开支的超强确定性。,"10 分**（极端利好，处于本轮 AI 资本支出的核心风口）
---",核心业务是提供专为大规模 GPU 加速计算设计的云基础设施（BaaS/IaaS）。其收入模型是纯粹的算力租赁与消耗模型（按 GPU 节点/小时付费）。核心指标为 GPU 算力利用率（Utilization Rate）与已签约算力储备。,绝对线性增加。CoreWeave 的业务处于 AI 产业链的最底层。无论大语言模型是处于预训练阶段还是日常的 API 推理调用阶段，其消耗的每一枚 Token 都直接对应着底层的 GPU 运算时间。大语言模型用量越大，算力消耗与云资源账单呈完美正相关。,尽管构建算力集群属于重资产（CapEx 极高）投入，但由于高端 AI 芯片（如 Nvidia H100/B200）的结构性短缺，CoreWeave 拥有极强的定价权。其毛利率在用量满载状态下不仅能够维持，甚至在算力紧缺周期内享有极高的溢价空间。,符合,1
CDNS,CADENCE DESIGN SYSTEMS INC,Developer Tools & Data Platforms,+16.85%,不符合,9.0,Cadence 是全球电子设计自动化（EDA）软件的巨头。其提供设计半导体芯片、印刷电路板（PCB）所需的复杂算法软件，解决摩尔定律下百亿级晶体管布局、布线、仿真和验证的物理约束问题。,不符合。作为处于半导体上游的 EDA 软件巨头，收入高度依赖软件期限授权 (Term License)、硬件仿真系统销售以及 IP 节点授权，通常锚定于研发工程师的坐席 (Seat) 和具体的芯片研发项目，而非应用层 AI 数据请求的按量计费。,不符合。业绩扩张源于全球半导体客户对先进制程持续的研发投入及 AI 芯片（如 GPU/NPU）设计复杂度的急剧提升，而非单一客户在云端的软件 API 调用爆发。,不符合。CDNS 是赋能 AI 底层算力硬件的“卖水人”，解决的是晶体管微缩带来的物理与逻辑设计痛点，而不是应对应用层生成的“软件代码爆炸”。,不符合。核心数字资产为半导体设计的底层 RTL、版图和 IP 库，不涉及运行期大语言模型的权重工件或推理监测。,"结论
   不符合。虽然 CDNS 享受了 AI 硬件基础设施投入的时代红利，但按严苛的业务模型对比（如DDOG直接随API调用及算力消耗计费），EDA 行业的席位与IP授权制并不具备与大语言模型“日常用量爆发”产生同频线性共振的当量特征。",彻底重构硬件设计工作流，极大提升 EDA 软件的附加值。芯片设计本质上也是一种“Coding”（使用 Verilog/VHDL 等硬件描述语言）。根据 Anthropic《2026 Agentic Coding Trends Report》指出，AI 智能体现在能够自主工作数天并构建完整的系统。将这种 Agentic AI 集成到 Cadence 的平台中，可以自动执行耗时的布局布线和验证流程，让芯片设计周期从几个月缩短到几周。AI 算力需求的爆发本身也在推高数据中心芯片的研发量，直接增加 CDNS 的订单。,"开源或自研工具链的潜在威胁。逻辑在于，超级科技巨头（如 Google, Meta, Microsoft）拥有强大的内部 AI 编码和逻辑推理模型，他们可能会利用大模型辅助编写专用的内部芯片设计工具，在部分非核心环节绕过 Cadence 的高昂授权费，降低对传统 EDA 厂商的极度依赖。","2026 年 4 月 27 日，Cadence 发布了强劲的财报，当季实现 EPS 1.96 美元（超预期的 1.91 美元），总营收达到 14.7 亿美元，同比增长 18.6%。净利润率高达 21.18%。强劲的营收增速直接佐证了在 AI 时代，芯片公司和系统厂商为了抢夺 AI 算力高地，正在不遗余力地加大对尖端 EDA 工具的采购。*(注：公司 CFO John Wall 于 2026 年 5 月 5 日根据 10b5-1 计划出售了 5,000 股，但这属于常规的预安排高管减持，不改变基本面逻辑。)*",9 / 10**（极度利好。CDNS 既是 AI 基础设施卖水人的“上游工具”，又能够通过吸收 AI Coding 能力让自身产品产生质变，具备最硬核的抗风险能力与增长逻辑。）,"核心业务：电子设计自动化（EDA）软件、半导体基础 IP 授权以及硬件仿真系统（Palladium/Protium）。
   收入模型：研发工程师的软件席位订阅（Seat-based）、IP 版税收入，以及大型硬件系统设备的直接销售。
   核心指标：未履约订单规模（Backlog）、系统级芯片（SoC）研发立项数。","此处需要对商业模式的底层逻辑进行严格界定：必须区分“AI 芯片的研发资本开支（CapEx）”与“AI 大语言模型的日常推理调用量（Usage）”。
    CDNS 无疑是 AI 算力基建最核心的“卖水者”，其增长直接受益于英伟达、AMD及超大型云厂商设计下一代 AI 芯片的研发需求。然而，一旦某一代 AI 芯片完成流片并装载到数据中心，终端用户向大模型发送 1 万条指令还是 1 亿条指令（即 LLM 的高频使用），都不会促使芯片厂商向 CDNS 追加缴纳 EDA 软件授权费或购买新的席位。CDNS 的营收波动锚定的是全球半导体行业的“研发立项周期”和“设计复杂度”，而非下游大模型的“实时日活跃量（DAU）或消耗量”。",顶尖级别。得益于极高的行业壁垒与长约模式，根据 2026 财年最新指引，其 Non-GAAP 营业利润率预期高达 43.5% 至 44.5%，但这反映的是研发环节的垄断定价权。,不符合,0
SNPS,SYNOPSYS INC,Developer Tools & Data Platforms,+7.51%,不符合,9.5,"主营电子设计自动化（EDA）软件与半导体 IP。面向无晶圆厂芯片设计公司（如 Nvidia, AMD, 苹果）及代工厂。EDA 工具用于纳米级集成电路的设计、仿真、综合与物理验证，是现代芯片制造中不可或缺的最底层软件。",并非按需消费模式。Synopsys 作为 EDA（电子设计自动化）巨头，其收入主要来源于基于时间的软件许可（Subscription/Term Licenses）、预付款项以及半导体 IP 的授权版税。它不随软件开发过程中的“代码行数”或“Token 使用量”按次或按量计费。,其客户留存及扩张主要依赖于芯片设计企业对更先进工艺节点（如 3nm/2nm）的研发投入增加、IP 库的交叉销售以及工具链的绑定。这不是由某个应用突发的流量或用量爆发所驱动的。,其卡位不在于软件层面的“代码爆炸”或 IT 运维复杂性，而在于解决由 AI 算力需求引发的底层硅片设计复杂性剧增（如先进封装、Chiplet、高算力芯片走线）。其推出的 Synopsys.ai 是利用 AI 来设计 AI 芯片，属于硬件开发生命周期的核心。,不具备一般意义上的通用 AI 模型（Weights/Artifacts）管理能力。其资产壁垒在于半导体物理层面的设计规则、验证引擎和底层 IP 库，而非软件侧的 AI 推理或大模型资产管理。,"结论
    不符合。 核心指标受上游芯片设计的资本开支周期驱动，与大语言模型在应用端的实际使用当量完全隔离。",极端利好。首先，AI 模型的庞大计算需求直接催生了对更先进、更复杂的算力芯片（GPU/ASIC）的需求，直接做大了 EDA 的市场蛋糕。其次，AI Coding 无法取代物理级的掩膜版图设计，但 Synopsys 推出的 Synopsys.ai 将 AI 引擎直接嵌入其软件中，帮助工程师在数百亿个晶体管的物理排列中自动寻找最优解（PPA 优化）。这是 AI 提升人类触碰物理极限能力的典型代表。,几乎没有负面影响。芯片设计的壁垒在于对物理电磁学、量子效应以及台积电等代工厂专有制程数据（PDK）的深刻理解。无论通用 AI Coding 大模型多么擅长写 Python 或 C++，它们都无法在缺乏半导体物理数据训练集的情况下，绕过 EDA 工具凭空生成芯片设计。,截至 2026 年 5 月初，SNPS 股价稳站 $504 以上的历史高位区间（过去 52 周最高曾达 $651）。公司宣布将于 2026 年 5 月 27 日发布 Q2 2026 财报。其极为坚挺的 K 线走势佐证了市场逻辑：在软件股普遍因 AI Coding 承压时，作为“实体硬件算力的软件卖水人”，SNPS 拥有不可动摇的垄断性护城河。,"*   **5. 综合评级得分**
**9.5 / 10 分** （绝对垄断级的 AI 算力基建基石）

---",核心业务是电子设计自动化（EDA）软件与半导体知识产权（IP）。收入模型主要基于时间维度的软件订阅授权（通常为 3 年期的坐席许可）以及 IP 版税。核心指标为：年度经常性收入（ARR）和剩余履约积压订单（Backlog）。,大语言模型带来的算力需求爆发，直接导致了英伟达、AMD及定制化ASIC芯片的研发军备竞赛，进而拉动了对 SNPS 软件的需求。但其收入直接挂钩的是“芯片工程师的人数（坐席）”和“芯片研发项目数”。C端或B端大模型每天是被调用1万次还是1亿次，对 SNPS 的当期软件使用量及收入没有任何直接影响。,Non-GAAP 毛利率极高（长期维持在 80% 左右）。成本结构主要为研发人员薪酬，不受外部算力或云资源消耗的干扰。,不符合,0
TWLO,TWILIO INC,Developer Tools & Data Platforms,+45.78%,不符合,7.0,主营 CPaaS（云通信平台即服务），提供涵盖短信、语音、视频及电子邮件的 API 接口。主要面向企业开发者，通过底层通信管线的封装，解决企业在应用内搭建客户联络渠道（如验证码、客服对话）的开发难题。,是。Twilio 具有纯正的 Consumption-based 定价基因（按发送的短信、语音分钟数、邮件数量计费）。如果 AI 驱动的 Agent 或自动化客服爆发，导致机器与人类的交互频次呈指数级上升，其计费因子将完全随之线性增长。,其历史 NRR 的核心驱动力是单个现有客户 API 调用量的爆发式增长，而非单纯的模块增购。,否。Twilio 解决的是“通信分发”与“最后一公里交互”的痛点，完全不涉及 AI 带来的“代码爆炸”或后端 IT 基础设施系统复杂性剧增的问题。,否。Twilio 仅作为数据传输和消息路由的通道，不具备存储、管理 AI 模型权重或监控 AI 算力推理过程的能力。,"结论
符合。 AI 智能体将直接带来机器级别并发通信量的激增，高度契合其按使用量付费的核心引擎，且现有利润率体系具备维持能力。",**API 调用的无摩擦集成。** Twilio 的商业模式是典型的按用量计费（Consumption-based）。AI Coding 大幅降低了调用第三方 API 的技术门槛，使得非专业开发人员或业务团队也能通过自然语言生成集成 Twilio 的自动化通信脚本。开发门槛的降低直接导致网络应用数量激增，从而推高 Twilio 底层 API 的总体调用量。,**交互介质的降维打击。** 随着多模态大模型和原生 AI Agent 的普及，未来的客户服务端可能完全向基于端侧 LLM 的富文本聊天或 AI 语音助手迁移。这种转变可能绕过传统的 SMS 短信或 PSTN 语音网络（Twilio 的高毛利现金牛），导致其传统通信管道被边缘化。,"根据 **2026年5月1日** 发布的 2026 Q1 财报，TWLO 营收达 14.1 亿美元（同比 +20%），非 GAAP 营业利润率从去年同期的 18% 扩张至 20%，EPS 达 $1.50，全面超越预期。
*   **利好佐证：** 基于美元的净扩张率（DBNER）稳定在 114%，表明存量客户的使用量（消耗量）在持续增长，印证了用量计费模式在 AI 时代的韧性。","7 / 10**
AI Coding 带来的开发繁荣直接转化为其 API 调用量的增长，且不受席位缩减的影响。但长期需警惕通信介质迭代的风险。

---",Twilio 的核心业务是提供云通信平台即服务（CPaaS），允许开发者通过 API 将短信、语音、视频和电子邮件集成到应用程序中。其核心收入模型是按使用量付费（Usage-based），即按照发送的短信条数、通话分钟数或邮件数量计费。核心指标是 API 调用量及活跃客户的净扩张率（NDR）。,随着 AI 的普及，大量基于大语言模型的 AI 智能体（AI Agents）、自动客服和营销机器人在与人类交互时，必须借助于短信、语音（TTS/STT）或 WhatsApp 等通信渠道。机器与人之间的并发交互能力远超传统人工客服。随着 AI 智能体的大规模部署，机器自动触发的通信频次将呈指数级上升，这会直接、线性地推高 Twilio 的 API 调用量。,Twilio 的毛利率结构与纯软件 SaaS 不同。由于其大部分收入需要向底层电信运营商（如移动网络提供商）支付过路费，其 Non-GAAP 毛利率通常处于 45% - 50% 左右的中等水平。在用量激增的情况下，虽然这部分毛利率的绝对值较低，但由于其计费是基于“成本加成”或固定费率模型，整体利润率能够维持在历史基准区间，不会因为用量扩大而导致毛利率显著恶化。,符合,1
CFLT,"Confluent, Inc.",Developer Tools & Data Platforms,+2.92%,不符合,7.0,"*   **业务实质**：基于开源 Apache Kafka 构建的企业级实时数据流（Data Streaming）平台。
    *   **客户与痛点**：面向需要处理高并发、海量数据的中大型企业。解决数据在不同数据库、SaaS 应用及云平台之间流转的延迟问题（数据孤岛），将批处理转化为流处理。",Confluent Cloud 采用 Consumption-based 定价。其计费因子随数据流转量（Data Streaming）增长，但与 AI 代码量或推理计算量无直接线性关联。,增长主要依靠单客用量扩张。截至 2025 年三季度末，其 NRR（净收入留存率）维持在 114%，主要由现有客户在多云环境下扩大数据管道摄入量驱动。,解决的是 AI RAG（检索增强生成）场景下“高并发实时数据供给与清洗”的痛点，确保大模型拥有最新鲜的上下文，但不解决软件开发中的“代码爆炸”或架构复杂性。,不具备。 CFLT 专注于 Kafka 事件流传输，处于数据管道层，不涉足 AI 模型权重（Weights）存储或推理（Inference）逻辑的管理。,"结论
符合。 业务具备明显的按量计费属性，且实时数据流动需求被 AI 爆发直接驱动，利润率结构健康。",*   **逻辑**：AI 编码极大加速了应用开发周期，同时 AI 智能体（如基于 RAG 架构的 Agent）需要毫秒级的实时数据上下文才能做出准确判断。应用代码的增加和 AI 推理的高频次，直接推高了底层系统之间的数据交互量，从而拉动 Confluent 数据流传输算力的消费。,*   **逻辑**：AI 编码助手（如 Claude 3.5/4）显著降低了开发者自行编写复杂数据集成脚本的门槛。部分对延迟不敏感的企业，可能会利用 AI 快速手写管道逻辑并直接部署开源 Kafka，从而对 Confluent 标准化连接器（Connectors）的高溢价产生通缩压力。,*   **事实数据**：2026年2月10日披露 Q4 2025 财报，EPS 录得 $0.12，大幅超出华尔街预期的 -$0.01（超预期 1300%）。这佐证了企业级核心数据流需求依然强韧。然而，市场担忧大客户云消耗预算短期放缓，其估值近期更多受并购传闻驱动。,"7 分**（具有长期数据底座优势，但存在一定的开源白嫖压力）
---",Confluent 的核心业务是提供基于 Apache Kafka 的动态数据流（Data Streaming）平台。其收入模型正在从传统的本地软件许可向以云为中心的用量计费模式（Confluent Cloud）转型。核心指标为 Cloud Revenue（云收入）以及 RPO（剩余履约义务）。,明显线性增加。大语言模型的应用（特别是 RAG 检索增强生成技术）极其依赖高质量、实时的企业内部数据上下文。AI 部署越多，企业越需要构建实时的数据管道（Data Pipelines）将分散的系统数据实时“喂”给向量数据库或 LLM。数据流转量（吞吐量）会随着 AI 推理请求的增加而呈显著的线性扩张。,在云业务用量激增的背景下，其 Non-GAAP 毛利率目前稳定在 76%-78% 的高水位。虽然云托管存在底层 IaaS 成本，但随着规模效应的扩大，其数据处理引擎的单位经济效益足以维持当前的毛利率水平。,符合,1
DDOG,"Datadog, Inc.",Developer Tools & Data Platforms,+49.63%,符合,9.0,"*   **业务实质**：云原生应用的统一监控与可观测性 SaaS 平台。
    *   **客户与痛点**：面向 DevOps 和平台工程团队。解决微服务架构下，服务器、数据库、应用层代码产生海量碎片化日志，导致故障极难排查的“黑盒”问题。",完全的 Consumption-based。按纳管的主机数量、自定义指标数量及日志摄取量（GB）计费。LLM 应用爆发衍生出的海量微服务扩张，会直接拉动其计费因子的线性增长。,高度依赖头部客户的用量扩张。截至 2025 年三季度，其贡献 10 万美元以上 ARR 的大客户群体增至约 4060 家，是其消耗量基本盘的核心驱动力。,精准卡位“系统复杂性剧增”。AI Agent 的多步调用和分布式应用架构引发黑盒效应，迫使工程团队必须极度依赖统一监控面板进行排障（Troubleshooting）。,具备推理级广度。 虽不充当模型 Registry（权重仓库），但其于 2024-2025 年间全面铺开的 LLM Observability 产品线，已具备深入 AI 推理过程的能力，可精准追踪 Token 消耗速率、Prompt 延迟及大模型调用的底层 Traces。,"结论
符合。 经典的“用量税”模型，直接受益于 AI 计算复杂度和系统交互频次的提升。",*   **逻辑**：高度利好。AI 编码工具（如 Copilot、Claude）让一个初级程序员的产出效率倍增，直接导致系统内微服务数量泛滥、代码更新频率飙升。系统越复杂，人类越无法仅凭大脑理解拓扑结构，对 Datadog 这种全链路可观测性平台的消耗量（主要按数据摄取量和主机节点计费）将成比例爆发。,*   **逻辑**：若 AI 能够精准无误地编写自我诊断脚本，并在代码层面实现绝对闭环的自动化测试与故障隔离，可能会降低部分企业对昂贵第三方 UI 仪表盘的依赖。,*   **事实数据**：2026年5月7日披露 Q1 2026 财报，单季营收首次突破 10亿美元（同比增长 32%），EPS 录得 $0.60（超出预期 17.65%）。财报明确指出 AI 业务线带来了强劲的消耗量增量。受此催化，该股于 5月7日 盘前暴涨 31.33% 至 $188.73。,"9 分**（AI 制造复杂性，可观测性负责解决复杂性，完美契合用量计费模型）
---",核心业务是云端应用性能监控（APM）与IT基础设施可观测性。其收入模型是典型的用量计费（Consumption-based），基于摄取的日志量（GB）、监控的主机数量及追踪的事件百万次收费。核心指标为 收入净扩张率（NDR）与大客户数量。,明显线性增加。AI 大模型应用通常建立在极其复杂的微服务和分布式云架构之上。随着大模型应用（特别是基于 LLM 的智能体 Agent）被高频调用，系统会产生海量的日志（Logs）、指标（Metrics）和调用链路追踪数据（Traces）。Datadog 甚至推出了专门针对 LLM 的可观测性产品。大模型交互次数越多，底层摄取的遥测数据量呈指数级上升。,长期维持在 81%-83% 的 Non-GAAP 毛利率。Datadog 拥有极其优化的自研数据存储和压缩架构，能够以极低的边际成本消化海量日志的摄取与查询，在用量激增时完全可以维持其高毛利。,符合,1
TDC,TERADATA CORP /DE/,Developer Tools & Data Platforms,+6.40%,不符合,2.0,主营企业级数据仓库。面向银行、电信运营商、航空等具有沉重历史数据包袱的传统巨头。其技术依靠高度并行处理（MPP）的关系型数据库架构起家，现阶段核心业务是努力推动传统本地客户向其云平台（Vantage）迁移。,处于向云端转型的混合状态。尽管其 VantageCloud 提供了一定程度的弹性消耗定价，但其庞大的存量盘依然依赖传统的本地部署许可证（On-prem Licenses）和固定期限的维护合同。并非云原生的纯 Consumption-based 标的。,其云端年度经常性收入（ARR）的增长主要依靠将现有的传统本地客户“搬迁”至云端，而不是由现代 AI 负载引发的单客户有机用量爆发。且整体 NRR 常受到传统业务流失的拖累。,作为传统企业级数据仓库，它主要解决结构化数据的高并发查询与商业智能报表问题。在应对 AI 时代的非结构化数据、机器学习管道构建以及“代码爆炸”带来的系统复杂性方面，其生态站位落后于 Snowflake 和 Databricks，未能占据核心卡位。,其 ClearScape Analytics 提供库内机器学习能力，允许部署和评分某些预测模型，但在原生管理现代生成式 AI、大语言模型权重、以及构建复杂的 AI Agent 推理工作流方面，缺乏广泛的工具链和开发者生态资产。,"结论
    不符合。 基于容量上限的订阅模式阻断了数据处理量激增与收入之间的直接线性转换，且财务结构老化，缺乏弹性。",微乎其微。Teradata 试图顺应潮流推出 MCP Server 等工具，试图将传统数据转化为大模型可读的形式。但相比竞争对手，其在 AI 基础设施上的投入和底层架构的天然适应性依然处于劣势。,致命一击。过去十年，传统大企业没有抛弃 Teradata 的根本原因是“迁移壁垒”：旧系统内积压了数以十万计的复杂 SQL 存储过程（Stored Procedures），人工重写这些代码迁移到现代云原生架构（如 Snowflake/Databricks）需要耗费数年时间和高昂成本。**AI 代码翻译大模型（AI Code Translation）的爆发，直接击穿了这层护城河**。AI 可以在几天内自动将 Teradata 特有的复杂 SQL 语法无损翻译为现代云数据栈代码。这意味着客户解绑 TDC 的成本趋近于零。,截至 2026 年 5 月初，TDC 股价跌至 $35 左右，处于显著的长期下行通道。2026 年 5 月 5 日公布的 Q1 2026 财报显示，总营收为 4.44 亿美元（同比增长 6%），非 GAAP 利润有所提升。但财报披露了一个核心细节：本季度利润大幅改善是由 SAP 诉讼和解带来的 3.59 亿美元一次性税前收益粉饰的，剥离这一影响，其核心咨询服务营收同比暴跌 14%。这佐证了客户正在利用自动化工具流失，不再为其高昂的咨询和迁移买单。,"*   **5. 综合评级得分**
**2 / 10 分** （极端利空，AI 编程工具不仅没有赋能，反而直接拆毁了其最核心的客户留存壁垒）",核心业务为企业级数据分析平台（主要针对混合云及本地复杂环境）。收入模型正经历从本地永久许可向云端订阅的转型，计费方式主要基于“预分配容量（Capacity-based）”而非纯消耗。核心指标为：公共云ARR（Public Cloud ARR）和总ARR。,虽然大语言模型需要处理数据，但 TDC 的客户群体大多采用容量锁定的定价层级（即购买特定规模的计算资源上限）。在未触及容量上限之前，AI 调用次数或查询量的增加不会带来边际收入。它缺乏 Snowflake 那种基于弹性计算、立竿见影的“用多少付多少”的杠杆效应。,Non-GAAP 毛利率在 60% 左右。受制于老客户向云端迁移的高昂维护成本以及激烈的市场竞争，其利润率在容量扩张时表现平庸，缺乏云原生软件的高经营杠杆。,不符合,0
PLTR,Palantir Technologies Inc.,Developer Tools & Data Platforms,-17.91%,不符合,9.0,主营数据集成与分析软件（核心产品为 Gotham、Foundry 和 AIP）。主要面向政府、国防机构以及大型跨国企业。其技术核心是构建“本体（Ontology）”，即将企业庞杂的、碎片化的底层数据映射为可理解的现实业务逻辑模型，从而在这一数字孪生底座上运行复杂的 AI 和机器学习模型以辅助决策。,Palantir 并非完全的 Consumption-based（按需消费）模式。其传统业务及核心的 AIP（人工智能平台）主要依赖企业级大额、多年度订阅合同或阶段性交付计费。尽管平台内涉及算力消耗，但其核心商业模式是“平台授权+模块扩展”，计费因子并不直接与底层数据的 API 调用次数或大模型 Token 吞吐量呈绝对的线性增长。,其净收入留存率（NRR）的增长主要来自“Land and Expand（登陆与扩张）”策略下现有客户购买更多功能模块或将平台扩展至更多业务部门，而非单一客户在固定模块下产生的算力/用量自发性爆发。近期 AIP Bootcamp 的成功更多体现在加速新客户获取和缩短销售周期上。,Palantir 并未直接解决底层“代码爆炸”或 IT 基础设施的运维复杂性。其核心卡位在于解决企业级 AI 部署的“数据孤岛”和“业务逻辑重构”痛点，通过本体（Ontology）技术将杂乱的非结构化数据转化为 AI 可理解的决策链条。,具备。AIP 平台允许企业引入、微调和管理外部大语言模型，并将其与企业内部数据结合，具备管控 AI 模型应用链路与推理逻辑的能力，但侧重于应用层与决策层，而非底层基础设施维度的 MLOps。,"结论
    不符合。 尽管AI极大促进了其业务规模，但其核心计费模型偏向企业级合同订阅，核心指标的增长与 LLM 实时使用量的激增不构成直接的绝对线性关联。",极大利好。历史上限制 Palantir 扩张的最大瓶颈是其漫长的部署周期和对前线部署工程师（FDE）的重度依赖。AI Coding 大幅提升了代码生成效率，使得客户侧的开发者和业务人员能够利用自然语言或简易代码，在其 AIP（人工智能平台）上极快地构建数据应用程序。AI Coding 消除了使用复杂平台的摩擦力，加速了 PLTR 系统的落地与货币化。,理论上的负面风险在于，AI 编程能力的普及使得部分具备极强 IT 能力的超大型企业，可能会尝试利用开源数据栈结合大模型，自行编写数据打通管道，从而试图摆脱 Palantir 昂贵的订阅费用。但在涉密和高维复杂系统中，这种“手搓”替代方案的成功率极低。,截至 2026 年 5 月初，PLTR 股价维持在 $133 - $139 的高位区间。2026 年 5 月 4 日发布的 Q1 2026 财报提供了强有力的看多佐证：当季美国业务收入同比激增 104%，总营收同比增长 85%。这一惊人的增速直接证明了 AIP 平台在 AI 浪潮下正处于爆发式部署阶段，并未被 AI 编程工具替代，反而受益于其带来的应用繁荣。,"*   **5. 综合评级得分**
**9 / 10 分** （核心受益者，AI 时代的操作系统级入口）

---","该公司的核心业务是提供企业级大数据集成、构建本体模型及AI应用平台（Gotham, Foundry, AIP）。其收入模型以企业软件订阅（固定期限许可合同）为主，目前正逐步在AIP平台引入部分基于用例的定价。核心指标为：客户总数、剩余履约义务（RPO）和净收入留存率（NDR）。",大语言模型的爆发是其AIP平台推广的核心驱动力，显著降低了客户使用门槛并缩短了销售周期。但从业务模型来看，PLTR 的计费通常基于部署的“用例数量”或固定的企业级合同，而非按 Token 或计算资源的纯消耗计费。终端用户的 LLM 调用量（如每日对话次数）激增，不会直接、线性地转化为 PLTR 当期的边际收入，而是表现为下一财年合同金额的阶梯式扩大。,Non-GAAP 毛利率极高且稳定（通常在 80% 以上）。因为其实施和计算资源大多依托于客户自身的公有云环境（AWS/Azure），PLTR 无需直接承担 LLM 推理带来的线性算力成本压力。,不符合,0
DT,"Dynatrace, Inc.",Developer Tools & Data Platforms,-3.90%,符合,8.0,"*   **业务实质**：由“因果 AI（Deterministic AI）”驱动的全栈可观测性与应用安全平台。
    *   **客户与痛点**：主攻全球 2000 强极大型企业。与 Datadog 的数据汇聚模式不同，DT 的核心是以拓扑图直接给出系统故障的“确切根本原因”，而非仅仅展示相关性日志，解决超大型架构中警报疲劳（Alert Fatigue）的问题。",基于 DPS（Dynatrace Platform Subscription）的 Consumption 消耗模型，直接与纳管的计算实例时长和 AI 分析的日志查询量挂钩。,核心源于单客消耗爆发。在 2026 财年第三季度（截至 2026 年初）财报电话会议中，管理层确认其内部账单的 Consumption 增速持续维持在 20% 以上。,与 DDOG 类似，主攻 AI 应用大规模落地后的运行时系统复杂性与性能瓶颈。依靠其原生的图谱映射（Smartscape）直接解析 AI 模块、Agent 与传统后端之间的拓扑依赖关系。,具备推理级广度。 侧重于 AI 推理过程的端到端可观测性（捕获生成式 AI 和 LLM 模型内部状态及输入/输出链路），但不具备底层模型训练期的权重构建能力。,"结论
符合。 商业模式已转向以消费为导向，AI 负载的运行直接驱动其平台的计算与存储消耗。",*   **逻辑**：当 AI 自动生成的海量代码相互调用时，一旦发生级联故障，传统排查手段彻底失效。Dynatrace 的因果 AI 引擎无需人工写查询语句即可自动定位问题代码行，是管理 AI 衍生复杂系统的核心防线。,*   **逻辑**：大语言模型（LLM）的普及，赋予了 Datadog 等竞品极强的自然语言排查能力，这在一定程度上抹平了 Dynatrace 过去引以为傲的“独家 AI 运维”差异化壁垒，导致其面临更激烈的定价权博弈。,*   **事实数据**：2026年2月9日发布 Q3 FY26 财报，年度经常性收入（ARR）达到 19.7亿美元（同比增长 20%），非公认会计准则营业利润率维持在 30% 的极高水准，并宣布了 10亿美元的回购计划。尽管基本面极佳，但由于整个软件板块的“AI 替代情绪”传染，截至 2026年5月8日 股价仍在 $40 左右，市场对其被大模型降维打击存在短期过度担忧。,8 分**（基本面极具韧性，但估值受困于板块系统性恐慌及竞品 AI 化的挤压）,核心业务同样为统一可观测性与应用安全平台。其收入模型已成功从传统的基于容量的订阅，向统一的平台消费模型（DPS - Dynatrace Platform Subscription）过渡。核心指标为 ARR 以及 DPS 渗透率。,明显线性增加。与 Datadog 逻辑类似，Dynatrace 的核心在于确保复杂云环境和 AI 负载的平稳运行。企业将 AI 模型投入生产环境后，对低延迟、无宕机的要求极高，这强制要求全栈监控。随着数据分析处理和 AI 调用的增多，消耗的“Dynatrace 算力额度”将与业务量同步扩张。,Non-GAAP 毛利率维持在 84%-85% 的极高水平。其 Grail 数据湖架构专为海量可观测性数据设计，具备极强的成本扩展优势，用量的激增不会对单位毛利产生侵蚀。,符合,1
SOUN,"SOUNDHOUND AI, INC.",Developer Tools & Data Platforms,-16.23%,不符合,4.0,主营对话式 AI 与语音识别技术。面向汽车制造商（如 Stellantis）、餐饮行业以及物联网设备商。其技术主打“语音到含义（Speech-to-Meaning）”引擎，试图绕过传统“语音转文字再转意图”的延迟，提供更快的车载或点餐语音交互体验。,混合模式，并非纯粹的底层基础设施消耗计费。其收入包括产品特许权使用费（如车载语音助手按件计费）、SaaS 订阅（如餐饮业订单系统）以及部分基于 API 查询量的按需计费。尽管 API 查询随用量增长，但整体结构并非纯正的 DDOG 级用量平台。,目前的增长动力更多来自于新客户的获取和新垂直行业（如汽车品牌、连锁餐厅）的开拓，而非单一存量客户底层算力或数据交互量的爆发式增长。,它解决的是特定垂直领域（语音识别与对话交互）的应用痛点，而非泛化 IT 系统中因为 AI 带来的“代码爆炸”或“基础设施监控复杂性”。其定位更偏向于垂直应用层组件。,具备自身专有语音 AI 模型的所有权和推理管理能力，但它是一个向客户输出特定 AI 能力的供应商，而不是一个供企业客户管理自身纷繁复杂的大模型资产或 IT 日志的平台。,"结论
    不符合。 商业模式夹杂大量非消耗型的固定授权，且在超大规模并发用量下，算力成本对当前财务韧性的压制尚未完全解除。",AI Coding 工具可以帮助 SoundHound 内部更高效地迭代其 OASIS 平台底层代码。并在其 2026 年新收购的 LivePerson（企业客服平台）整合过程中，利用 AI 代码生成加速跨平台数据的清洗和合并，提升开发效率。,存在毁灭性的降维打击风险。类似 OpenAI (GPT-4o/GPT-5) 或 Anthropic (Claude) 等通用大模型不仅能写代码，而且已经原生具备了极低延迟、带有情感理解的多模态实时语音能力。AI Coding 使得终端车企或餐饮软件供应商只需几行代码，就能直接接入这些世界级通用大模型的 API。这极大削弱了 SoundHound 这种“专有垂类语音 AI 引擎”的生存空间。,截至 2026 年 5 月上旬，SOUN 股价在 $9 左右（相比历史高位大幅缩水）。2026 年 5 月 7 日发布的 Q1 2026 财报显示，营收虽同比增长 52% 至 4420 万美元（有机增长达 88%），但仍录得 2500 万美元的净亏损。虽然短期内依靠汽车领域的存量长约维持了增长，但长期来看，其商业模式在通用大模型 API 的侵蚀下面临巨大考验。,"*   **5. 综合评级得分**
**4 / 10 分** （短期有营收支撑，长期技术护城河被通用大模型严重稀释）

---",核心业务为提供独立的语音 AI 平台（语音识别与自然语言理解）。收入模型为混合制：包括基于硬件设备（如汽车、物联网设备）的固定单位版税、面向餐饮等行业的 SaaS 订阅，以及部分基于云端 API 查询调用量的计费。核心指标为：累计预订积压订单（Cumulative Bookings Backlog）和处理查询量（Queries Processed）。,大语言模型和多模态交互使语音成为关键入口。随着使用频次上升，其云端 API 业务的处理查询量会呈现线性激增。然而，其历史基本盘中有相当一部分收入来源于每台汽车或设备的固定授权版税（不随用户查询次数增加而增加）。其业务受用量驱动的部分正在扩大，但非纯粹线性。,财务韧性较弱。尽管毛利率约为 70%，但公司尚未实现稳定盈利，且主要面临高昂的研发和云基础设施开支。当语音查询和 LLM 推理量激增时，底层算力成本（推理成本）也会呈线性甚至超线性上升。在尚未建立绝对护城河与定价权的情况下，用量激增反而存在侵蚀毛利率的风险。,不符合,0
FROG,JFrog Ltd,Developer Tools & Data Platforms,+18.43%,符合,9.0,软件供应链管理与通用二进制制品库（Artifactory）。面向 DevOps 工程师和安全团队，解决源代码编译后产生的海量二进制文件、容器镜像、依赖包的安全存储、版本控制与跨平台分发问题。,完全的 Consumption-based。核心计费因子是存储包的大小以及数据传输带宽（Data Transfer）。AI 生成代码的增加，意味着构建频次和生成的二进制文件数量爆发，直接拉动消耗。,极度依赖单个客户（或机器）产生的数据量爆发。当 AI 编程助手使得单人单日的代码提交量翻倍时，随之产生的软件包和制品版本存储需求呈指数级上升。,精准解决了 AI 带来的“代码与制品爆炸”痛点。代码可以被 AI 轻易生成，但所有代码最终必须编译成安全的、可溯源的二进制制品（Artifacts）才能部署，JFrog 卡死了这个必经的“漏斗”。,已具备管理 AI 模型的能力。目前已将机器学习模型（ML Models）和权重（Weights）视为一种特殊格式的“软件制品”进行原生托管，并与 Hugging Face 深度集成，实现 AI 模型的版本控制与安全扫描。,"结论
   不符合。 虽然存在业务增量，但逻辑链条为间接驱动，无法实现 LLM 实时用量与核心指标的线性挂钩。",极端利好。这是纯粹的物理放量逻辑。AI Coding Agent（如 Cursor/GitHub Copilot）使得代码生成速度提升了数倍，代码提交越频繁，CI/CD 流水线跑得越快，生成的编译产物（Artifacts）就越庞大。不管代码是人写的还是 AI 写的，最终都要打包成二进制文件进行部署。代码产出的通货膨胀，直接导致 JFrog 存储和传输调用量的暴增。,AI 生成的代码通常会毫无节制地引入各类开源依赖包，这加剧了软件供应链的脆弱性。如果 JFrog 内置的安全扫描组件（Xray）无法快速迭代以精准识别 AI 幻觉生成的恶意依赖包或漏洞，客户可能会将预算转移给专注于 AI 代码审计的新型安全厂商。,截至 2026年5月8日盘后，FROG 股价报 $55.75（盘后上涨 3.61%）。2026年5月7日刚刚发布的 2026财年 Q1 财报显示，营收达 1.54 亿美元（超预期），同比增长 26%，云端收入同比飙升 50%。官方材料明确佐证了增长归因：“公司正在从 AI 驱动的二进制管理及软件供应链安全需求中获益”。,"9/10**
**理由：** AI 带来代码大爆炸，JFrog 是代码大爆炸后方最坚固的“下水道”与“仓库”，且目前的云端转型数据完美验证了这一逻辑。

---","核心业务：软件供应链管理及二进制制品库（Artifactory），定位为所有软件发布包的“单一可信源”。
   收入模型：订阅与用量混合模式（SaaS 云端更多体现为存储和传输用量，本地化部署体现为层级订阅）。
   核心指标：云端存储消耗量、数据传输带宽（出站流量）、企业级全量平台采纳率。","AI 代码助手（如 GitHub Copilot）的应用使代码生成速度加快，导致构建频率上升、二进制文件增多；同时，企业开始将庞大的机器学习模型（ML Models）作为二进制资产托管在 JFrog 中。
   这会带来存储和带宽的增加，但属于“第二层级传导”。大语言模型的实时对话消耗并不直接调用 JFrog。存储量的增长与 AI 推理计算的用量之间存在缓冲池（且企业会设置旧版本制品清理策略），因此非直接线性促进，其当量远弱于直接的数据库或算力消耗。",,不符合,0
CVLT,COMMVAULT SYSTEMS INC,Developer Tools & Data Platforms,-15.37%,不符合,6.0,"*   **业务实质**：企业级数据保护、备份与网络弹性（Cyber Resilience）软件。
    *   **客户与痛点**：面向企业 IT 与安全部门，解决勒索软件攻击、混合云环境下的数据丢失及合规性灾备问题。",主要为按保护容量（TB）计费或基于席位的订阅模式，虽在向云端 SaaS 转型，但计费因子与 AI 实时推理量或代码生成量脱钩。,主要由产品组合交叉销售驱动（如向现有备份客户追加 DSPM 数据安全态势管理模块或 Satori 模块），而非单产品的高频并发使用量爆发。,解决的是“AI 数据泄露风险”及“勒索软件恢复”痛点。其推出的 Data Activate 等功能意在合规前提下将清洗后的备份数据供给大模型使用，未触及运行时系统层面的复杂性。,不具备。 属于后置的数据生命周期保护，不具备对线上 AI Agent 推理过程的实时追踪能力。,"结论
不符合。 业务缺乏随 AI 推理用量高频波动的消耗属性，属于非弹性基础设施。",*   **逻辑**：AI 编码效率的提升使得企业内部核心代码库和系统数据量呈指数级膨胀；同时，机器生成的代码存在潜在的逻辑漏洞或安全后门，增加了系统崩溃或被攻击的风险暴露面。这倒逼企业增加对关键资产进行高频备份和隔离的刚需。,*   **逻辑**：宏观资金的虹吸效应。企业 IT 的整体预算总盘子固定，AI 带来的巨额基建开支（流向 Nvidia、CoreWeave）正在无情挤占传统 IT 基础设施（如存储和灾备）的预算份额，导致续约或扩容周期被拉长。,*   **事实数据**：2026年4月28日披露 Q1 CY2026 财报，营收达 3.117亿美元，同比增长 13.3%，超华尔街预期；自由现金流利润率攀升至 42.3%。但其给出的全年业绩指引略低于预期，反映了前述逻辑中的“宏观预算挤占”隐忧。财报后股价在 $88 附近横盘。,"6 分**（业务防御性强，但受制于企业 IT 预算重构的挤出效应）
---",核心业务是企业级数据保护、数据备份与灾难恢复。其收入模型主要是基于订阅的软件许可（Subscription ARR），按保护的数据容量（TB级别）或节点数量进行收费。核心指标为 ARR（年度经常性收入）。,几乎不变。虽然 AI 时代全球总体数据量在增加，但大模型的频繁调用（如对话、代码生成、Agent 任务）所产生的大量中间态 Token 和日志，通常不需要进入企业核心容灾备份系统。数据备份属于“静态”的基础设施防御底座，并不随前端 AI 业务的 API 请求量或日活（DAU）产生高频的线性消耗。,该公司的 Non-GAAP 毛利率高达 82% 以上，财务韧性极强，但这主要得益于其成熟的软件授权模式，而非基于“用量激增”的消化能力。实际上，如果非核心数据垃圾激增导致备份存储成本上升，反而可能通过存储优化（重复数据删除技术）被抵消，难以转化为线性收入。,不符合,0
SNOW,Snowflake Inc.,Developer Tools & Data Platforms,-29.65%,符合,5.0,主营云原生数据仓库与数据云平台。面向需要处理海量数据的企业客户。其核心技术是“存算分离”架构，使得企业可以在不同云平台上无缝存储、共享数据，并利用弹性计算资源执行高并发的 SQL 查询和分析。,完全的 Consumption-based 模式。Snowflake 的计费严格基于计算信用点（Compute Credits）和存储用量。随着 AI 应用带来处理的数据量剧增以及 Snowflake Cortex 等原生 AI 功能的调用，其计费与客户的数据处理量和计算复杂性呈高度线性相关。,历史 NRR 极高且主要归因于现有客户的用量爆发。企业将越来越多的数据迁移至其数据云中，并在其上运行更复杂的查询和 AI 训练/推理工作负载，直接驱动了单客户支出的内生性膨胀（需排除周期性的企业端云成本优化逆风）。,它直接解决了 AI 时代“数据重力（Data Gravity）”和系统交互复杂性的痛点。通过在数据驻留地直接提供 AI 计算能力（如 Snowpark 和 Cortex），避免了数据在不同系统间迁移的高昂成本和安全风险，顺应了数据规模爆炸的趋势。,具备且正在快速扩展。通过 Snowflake Container Services 和 Cortex，客户可以在其安全边界内直接托管、微调和运行开源或专有大模型，具备了对 AI 模型权重及推理过程的直接管理与变现能力。,"结论
    符合。 纯粹的按消耗计费模型，核心底层数据扫描与处理的用量随 LLM 应用深度的增加呈高度线性正相关，且利润率可维持。",AI Coding 大幅降低了编写 SQL 和 Python 数据处理脚本的门槛。随着数据分析师和工程师能够以前所未有的速度生成查询代码和数据应用，Snowflake 平台上的计算资源（Compute）消耗量会随之上升。同时，其推出的 Cortex 允许开发者直接在数据源头调用大模型，增加了平台粘性。,存在显著的底层结构性威胁。AI 编程工具使得管理复杂的开源数据架构变得容易。开发者可以利用 AI 快速编写 dbt 模型、Airflow 调度脚本，从而将数据以开源格式（如 Apache Iceberg）存放在廉价的 AWS S3 甚至本地对象存储中，绕过 Snowflake 昂贵的计算和存储封装层。AI Coding 削弱了 Snowflake 作为“易用性中间件”的溢价。,截至 2026 年 5 月上旬，SNOW 股价在 $141 左右波动。其 2026 年 2 月底发布的 Q4 2026 财报（SNOW 财年提前）显示，季度营收同比增长 30.1% 至 12.8 亿美元，超市场预期。但结合其过去四个季度每股收益 -$3.95 的持续亏损状态，市场对其高估值以及面临开源生态（以及 Databricks）强力竞争的担忧并未消除。,"*   **5. 综合评级得分**
**5 / 10 分** （喜忧参半，计算消耗增加的利好与护城河变浅的利空对冲）

---",核心业务为云原生数据仓库与数据云平台。其收入模型是典型的纯消耗计费模式（Consumption-based），客户根据计算和存储的实际使用量（Credits）付费。核心业务指标为：产品收入（Product Revenue）和净收入留存率（NRR）。,AI 大模型时代的本质是“算力+数据”。企业无论是在进行 RAG（检索增强生成）、模型微调，还是执行数据清洗以喂给大模型，都会产生海量的数据扫描和查询需求。通过其 Cortex AI 等功能，大模型的每一次底层数据调用，都会直接、线性地消耗 Snowflake 的计算额度（Credits），从而转化为产品收入。,具备较强的财务韧性。Non-GAAP 毛利率维持在 75% 左右。通过软件层的查询引擎优化和规模效应，Snowflake 能够在底层公有云（AWS/GCP/Azure）基础设施成本上升的同时，维持甚至微幅提升其软件附加值的毛利空间。,符合,1
ESTC,Elastic N.V.,Developer Tools & Data Platforms,-27.99%,符合,8.0,核心产品为基于 Lucene 构建的分布式搜索与分析引擎（Elasticsearch）。面向企业级 IT、安全和研发团队，解决海量非结构化数据的实时检索、系统可观测性（日志监控）以及安全信息事件管理（SIEM）问题。,以 Elastic Cloud 为主导的收入是完全的 Consumption-based。其计费因子直接与客户使用的数据摄取量、存储节点大小以及计算查询（特别是向量搜索）的频率和吞吐量线性增长。,其 NRR 的增长主要驱动力来自单个客户的用量扩张。在 AI 爆发下，企业需要对海量非结构化数据进行索引，RAG（检索增强生成）架构的普及直接导致单个企业向量数据库查询量的激增。,它解决的并非“代码爆炸”，而是大语言模型“缺乏实时私有数据上下文”的痛点。Elasticsearch 作为企业级搜索的基石，卡位了 AI 推理过程中的数据检索环节。,具备管理 AI 过程的核心能力。原生支持存储 Vector Embeddings（向量嵌入），并且提供了集成各大流行 LLM 推理 API 的端点能力，是 AI 知识库的核心组件。,"结论
   符合。 业务属典型的用量驱动型基础设施，AI 用量与核心查询指标高度线性绑定，且利润率具备韧性。",极度利好。AI Coding 大幅加快了应用开发的交付速度，随之而来的是系统日志、指标和数据生成量的指数级膨胀，直接拉动底层存储与监控的用量。更核心的逻辑在于，所有 GenAI 和大模型应用都重度依赖 RAG（检索增强生成）架构。Elastic 凭借其原生集成的向量数据库（Vector Database）能力，成为了企业构建 AI 应用时处理上下文检索的首选基础设施。,AI 驱动的代码自动分析与故障排查工具（如各种 AI 运维 Agent），可能会在应用层直接抓取和分析系统异常，从而降低终端工程师对 Elastic 复杂可视化 Dashboard（Kibana）的依赖，使其在特定场景下有被“管道化”为纯后端数据源的风险。,2026年2月26日发布的 2026财年 Q3 财报显示，公司实际 EPS 达到 $0.73，超出华尔街预期（$0.39）达 87.18%。此前在 2025年11月20日的 Q2 财报电话会上，CEO Ash Kulkarni 明确指出：“AI 对我们业务的所有领域产生了积极影响……使 Elastic 成为搜索、AI 和可观测性的自然领导者。” 财报数据直接反驳了业务受损的猜测。,"8/10**
**理由：** 核心逻辑属于典型的 AI 时代“卖水人”。无论是代码爆发导致的日志暴增，还是 RAG 架构的刚需，都在实打实地转化为营收。

---","核心业务：企业级搜索、可观测性及安全信息和事件管理（SIEM）。底层支撑为 Elasticsearch 引擎。
   收入模型：混合模式，核心增长驱动力为基于用量的云服务（Elastic Cloud），辅以自托管订阅。
   核心指标：云数据摄取量、数据存储规模、查询/计算的 API 调用量。","大语言模型的核心痛点是幻觉和缺乏私有数据，这直接催生了 RAG（检索增强生成）架构的爆发。Elasticsearch 具备原生的向量搜索（Vector Search）能力。
   随着 AI 应用与用户的交互增多（LLM 用量激增），系统需要高频地将 Prompt 转化为向量，并在 Elasticsearch 中检索非结构化数据。这种 API 级的数据读写与查询需求与大语言模型的消耗量呈现直接的线性增长关系。",公司长期维持 75% 左右的 Non-GAAP 毛利率。由于其云服务定价与计算/存储资源的消耗直接挂钩，即使高并发的向量检索推高了底层 IaaS 算力成本，其基于用量的收费模式也能将成本平滑转嫁给客户，毛利率可维持。,符合,1
MDB,"MongoDB, Inc.",Developer Tools & Data Platforms,-25.07%,符合,8.0,基于文档的非关系型数据库（NoSQL）。面向应用开发者，解决传统关系型数据库（SQL）表结构僵化、难以横向扩展的问题，提供灵活的 JSON 类数据存储方案，加速现代 Web 与移动端应用的迭代。,以 Atlas 为核心的收入是完全的 Consumption-based。严格按照数据库读写操作量（RPUs/WPUs）、存储空间以及网络传输进行计费。,完全由客户应用程序的活跃度及数据规模驱动。AI Agent 的普及和高频的机器对机器（M2M）调用，会导致底层数据库读写请求量呈现非线性爆发。,解决了 AI 时代应用层“非结构化与半结构化数据激增”的持久化痛点。无论是 Agent 的记忆存储，还是 AI 生成的海量日志，都需要高并发的文档型数据库作为支撑。,通过 Atlas Vector Search，已经从纯文档存储扩展到了向量数据管理，能够直接参与 AI 的推理上下文构建，但其定位不包括训练阶段的原始参数（Weights）管理。,"结论
   符合。 基于用量的计费机制加上非结构化数据中心的定位，使其成为承接 AI 应用层流量爆发的核心数据底座，用量与指标呈现直接线性绑定。",AI Coding 带来了应用创新（App Generation）的繁荣。开发者在借助 AI 快速构建原型和新应用时，最厌恶的就是繁琐的建表和数据库迁移操作。MongoDB 的无模式（Schema-less）特性天然契合 AI 驱动的敏捷开发。同时，AI Agent 运行过程中产生的大量非结构化记忆、对话日志以及向量数据，都可以直接存入集成了 Vector Search 的 MongoDB Atlas 中。,AI Coding 填平了关系型数据库的学习曲线。过去，很多开发者因为不擅长写复杂的 SQL 连表查询或管理 Schema 迁移而选择 MongoDB。现在，通过 AI 助手，生成并优化复杂的 PostgreSQL 语句或自动化处理数据迁移变得轻而易举。这在一定程度上削弱了 MongoDB 相比于开源关系型数据库的“开发者体验（DX）”护城河。,2026年3月2日发布的 2026财年 Q4 财报显示，总营收 6.951 亿美元，同比增长 27%。在当季业务亮点中，MongoDB 宣布了核心数据库与 Voyage AI 模型的深度集成。CEO 指出，业绩的强劲受惠于“客户寻求将搜索、向量搜索和嵌入等功能集成到 AI Agent 的统一产品中”。,"8/10**
**理由：** 开发者红利的直接受益者，且凭借在文档型数据库中的绝对统治地位，成功将 AI 向量能力转化为老客户的 Upsell（向上销售）触点。

---

### 分析结论矩阵

| 标的代码 | 核心护城河 / AI 时代角色 | 对 AI Coding 的敏感度 | 最新财季营收同比增速 | 投资打分 (0-10) |
| :--- | :--- | :--- | :--- | :--- |
| **FROG** | 编译产物下水道 / 纯物理放量 | 极度正向受益 | +26% (26年5月发布) | **9** |
| **ESTC** | 向量检索枢纽 / RAG 刚需底座 | 正向受益为主 | +16% (25年11月发布)* | **8** |
| **MDB** | 敏捷数据底座 / 承接非结构化数据 | 正向受益为主 | +27% (26年3月发布) | **8** |
| **FIG** | 交互逻辑中枢 / 地位提升但面临技术跳跃风险 | 多空博弈激烈 | +40% (26年2月发布) | **6** |
| **GTLB** | 研发协同平台 / 面临工作流被上移 IDE 的直接颠覆风险 | 战略防御承压 | +23% (26年3月发布) | **5** |

*(注：ESTC Q2 财报营收同比 +16%，其 Q3 EPS 同样录得大幅超预期)*","核心业务：面向现代分布式应用的 NoSQL 文档型数据库。
   收入模型：高度依赖基于实际使用量的 DBaaS 平台（MongoDB Atlas）。
   核心指标：Atlas 计算节点规模、数据读写操作次数（IOPS）、存储容量及网络吞吐量。","AI 应用（特别是基于 LLM 的 Agent 框架和记忆模块）主要产生和处理半结构化/非结构化数据（如 JSON 格式的对话历史、用户上下文记录），这与 MongoDB 文档数据库的底层架构完美契合。此外，Atlas Vector Search 提供了一体化的向量检索功能。
   只要终端用户在使用由 LLM 驱动的应用程序（如智能客服、AI 伴侣），其每一次对话都会触发数据库的读、写和向量查询操作。LLM 用量激增，直接等比例转化为对 MongoDB Atlas 计算资源的消耗，呈高度线性正相关。",Non-GAAP 毛利率常年稳定在 75% 左右。数据库层面的云端消耗具有极强的规模效应，且 Atlas 相比于底层裸金属 IaaS 存在显著的软件溢价，利润率可长期维持。,符合,1
GTLB,Gitlab Inc.,Developer Tools & Data Platforms,-28.19%,不符合,5.0,端到端的 DevSecOps 平台。面向整个研发体系，以统一数据存储的方式，提供从代码托管（Git）、CI/CD 自动化部署到应用安全测试的无缝研发流水线。,核心为 Seat-based 模式。尽管 CI/CD 流水线运行时间（Compute minutes）带有部分 Consumption 属性，但绝大部分收入依然是基于每位开发者的按月订阅费。,主要依靠客户增加研发团队人数（坐席扩张），以及从 Premium 向 Ultimate 版本的升级（Up-sell）。,解决的是系统开发生命周期（DevSecOps）的复杂性。然而，正是因为它强绑定开发者人数，当 AI（如 GitHub Copilot、GitLab Duo）大幅提升单兵效率后，企业倾向于冻结或削减 headcount，这将直接打击其核心收入基盘。,具有一定的 ModelOps 概念，但重心依然是源代码管理和 CI/CD 编排，在底层大模型权重（Weights）托管及高频推理节点的资产管理深度上，弱于专门的制品库（如 FROG）或向量库。,"结论
   不符合。 典型的按人头计费模式，本质上不与大模型底层计算或数据吞吐量发生线性共振。",通过在其平台中深度集成 AI 能力（GitLab Duo Agent），GTLB 能够借此推行混合定价策略（Hybrid Pricing），向大型企业客户实现客单价（ARPU）的向上跃迁，提升高净值客户群的订阅收入。,这是 5 家公司中受工作流颠覆威胁最大的一家。传统 GitLab 的核心价值在于基于代码分支和 Merge Request (MR) 的人类协同审查。而以 Anthropic 驱动的 IDE Agent（如 Cursor）正在将研发阵地转移至本地/云端 IDE 内部。当 AI Agent 可以自主拉取上下文、修复 Bug 并直接 Commit 正确代码时，“异步 Web 端协同”的价值将被大幅稀释。若失去核心入口地位，GitLab 容易沦为底层的基础代码仓库，丧失高溢价能力。,2026年3月3日发布的 2026财年 Q4 及全年财报显示，全年营收 9.552 亿美元，同比增长 26%，ARR 突破 10 亿美元，并宣布了 4 亿美元的股票回购计划。这表明其企业级客户基本盘极度稳固。然而，其提供的 2027财年 Q1 营收指引约为 2.54 亿美元，环比增速开始承压，反映了市场对 AI 竞争加剧的隐忧。,"5/10**
**理由：** 财务健康度极高，但战略防御纵深最浅。面对 GitHub Copilot 的直接生态压制以及新兴 AI IDE 对工作流的截胡，其估值将在很长一段时间内因模式不确定性而承压。

---","核心业务：一体化 DevOps 平台（涵盖代码托管、CI/CD 流水线、安全测试）。
   收入模型：基于层级的 SaaS 订阅（Premium / Ultimate），严格按照开发人员坐席（Per Seat）计费。
   核心指标：ARR（年度经常性收入）、付费坐席数、大客户净留存率（NDR）。","GitLab 推出了基于大模型的 AI 编程助手（GitLab Duo）。大模型用量越大，代表现有开发者对 AI 助手的依赖度越高，但这属于对现有工作流的提效。
   与 Figma 逻辑一致，高频使用 AI 不会导致企业为更多员工购买 DevOps 坐席。代码产出量的增加可能会略微增加 CI/CD 分钟数的消耗，但在整体营收盘子中占比较小。其核心指标（坐席规模）面对 AI 效率工具甚至存在被压缩的通缩风险。",Non-GAAP 毛利率高达 90% 左右。调用第三方基础大模型的 API 成本通过每用户每月固定的增值订阅费（如 $19/月）进行覆盖，毛利可维持。,不符合,0
FIG,"Figma, Inc.",Developer Tools & Data Platforms,-45.07%,不符合,6.0,云端原生协作 UI/UX 设计平台。主要面向产品经理、设计师和前端工程师，解决从产品原型构思、高保真视觉设计到前端代码交接过程中的跨角色协作与资产同步问题。,非 Consumption-based。核心商业模式是纯粹的 Seat-based（按设计师/开发者人头包月计费）。虽然引入了 AI 生成功能，但并未改变其与人数高度挂钩的计费底座。,NRR 扩张强依赖于企业内部设计协同文化的普及（从设计师扩展到产品经理、开发者的坐席增加）。,解决了 UI/UX 协同设计痛点。但在 AI 时代，大模型（如 GPT-4V 或专用 UI 模型）能够直接根据草图生成前端代码，这可能会大幅削减企业对初中级设计师或前端开发者的数量需求，从而对其坐席数量形成通缩压力。,仅处于 AI 应用层。不具备管理底层 AI 模型、权重（Weights）或处理复杂 AI 推理后端算力的能力。,"结论
   不符合。 坐席制模型阻断了 LLM 用量向核心业务规模（用户数）的传导，缺乏明显的线性促进作用。",AI Coding 极大降低了“写代码”的门槛。当后端逻辑和基础前端页面可以被 AI 瞬间生成时，软件开发的瓶颈和核心壁垒将不可逆地向上游转移，即“应该做什么产品（产品定义）”和“产品如何与人交互（用户体验）”。这使得设计环节的话语权被大幅放大，Figma 作为承载产品逻辑的核心工作台，其战略地位得到加强。,面临结构性替代的长期风险。以 Anthropic 的 Claude Artifacts 或 v0.dev 为代表的“Prompt-to-UI”（提示词直出前端组件）范式，允许开发者完全跳过“绘制矢量图形”的传统设计阶段，直接生成可交互的 React 代码。如果该工作流在 B 端普及，Figma 传统的线框图和视觉设计环节将被实质性绕过。,2026年2月18日发布的 2025财年 Q4 财报显示，总营收达 3.038 亿美元，同比大幅增长 40%，净美元留存率（NDR）高达 136%。CEO Dylan Field 明确表示这是“得益于 Figma 推动平台和 AI 采用”。强劲的 NDR 佐证了现阶段 AI 工具反而在促进其产品渗透，而非削弱。,"6/10**
**理由：** 财务基本面极其强悍，但在 5 只标的眼中，它是唯一一家其核心工作流（视觉绘图）面临生成式 AI 跨维打击、存在潜在被绕过风险的公司。

---","核心业务：云端 UI/UX 协同设计与原型制作平台。
   收入模型：典型的 SaaS 订阅制，按坐席（Per Seat）计费为主。
   核心指标：付费企业客户数、活跃付费坐席数（Paid Seats）及企业级订阅的续费率。","Figma 引入了 Figma AI 等生成式功能，显著提升了单一设计师的出图效率、组件生成速度和工作流体验。
   然而，大语言模型/多模态模型使用量的激增，并不能转化为“坐席”的激增。相反，由于个体生产力大幅跃升，企业在中长期甚至可能缩减基础设计岗位的招聘 headcount。其增长逻辑属于“客单价（ARPU）提升”（通过收取 AI 增值服务费），而非核心指标（坐席）的线性增长。",作为纯 SaaS 软件，其毛利率极高（推测处于 85% 以上行业标杆水平）。AI 推理成本的增加可以通过提价覆盖，毛利率可维持。,不符合,0
TEAM,Atlassian Corp,Developer Tools & Data Platforms,-40.81%,不符合,6.0,主营 Jira 和 Confluence，为企业提供项目管理、敏捷开发协同及知识库系统。主要面向研发团队（DevOps）和 IT 运维人员，通过底层的数据链接解决企业跨部门协同效率低下的问题。,"否，非完全的 Consumption-based。Atlassian（Jira, Confluence）的核心计费逻辑是基于席位（Seat-based）的订阅制。其计费因子无法随 AI 产出（如代码生成量）线性增长；如果 AI 代码辅助工具（如 Copilot）提升了单个开发者的效率，甚至可能导致企业长期缩减开发者席位，对 TEAM 的计费因子构成通缩风险。",其 NRR 的维持与增长主要来自现有客户的席位扩张、云端版本迁移（单价提升）以及跨模块交叉销售（如 ITOM 模块），而非底层系统消耗量或单客户计算资源的用量爆发。,否。TEAM 主要解决的是项目流转、敏捷开发管理与工单追踪痛点，并不直接介入代码运行环境或底层基础设施，无法解决 AI 带来的“系统复杂性剧增”或性能监控问题。,否。其资产池（如 Bitbucket）主要管理传统源代码和项目元数据，目前不具备管理庞大 AI 模型（Weights/Artifacts）或承载 AI 推理过程的能力。,"结论
不符合。 尽管财务韧性强，但其核心业务指标（坐席数）无法从 AI 大语言模型的广泛使用中获得线性的当量增长。",**代码资产与微任务爆炸驱动管理需求。** AI Coding（如 Claude、Devin 等）极大降低了代码生成的门槛，导致企业内部产生的代码量、功能模块和 bug 追踪任务呈指数级增长。激增的工程任务量需要更强大的工单系统（Ticket System）来进行状态追踪和生命周期管理，从而巩固了 Jira 作为开发流程唯一真相源（SSOT）的地位。,**“按席位计费”模式的根基动摇。** 依据 2026年1月28日 TSIA 的研报逻辑，AI Agent 的介入将大幅提升单兵开发效能，企业未来维持相同产出所需的初中级程序员数量将不可逆地减少。Atlassian 的核心收入高度依赖于开发者的人头订阅费（Seat-based），开发者基数的萎缩将直接冲击其长期营收上限。,"根据 **2026年5月1日** 发布的 FY26 Q3 财报，TEAM 营收达到 17.9 亿美元（同比 +32%），非 GAAP EPS 达 $1.75，大幅击败市场预期，财报公布后盘后股价暴涨近 28%。
*   **利好佐证：** 公司云业务收入增长 29%，且管理层指出其新推出的 AI 代理 Rovo 使用量环比增长超 20%，使用 Rovo 的客户其 ARR（年度经常性收入）增速是不使用客户的两倍。
*   **隐忧（利空）佐证：** 公司在 GAAP 标准下录得 5630 万美元的营业亏损，主要源于“资源重新平衡和办公租赁合并”的重组费用，这暗示公司正在为适应 AI 时代的人员结构变化进行防御性缩编。同时，Q4 指引（16.5-16.6亿美元）略低于预期。","6 / 10**
短期受云迁移和内部 AI 产品商业化落地的提振，基本面极为强劲；但长期的宏观逻辑中，AI Coding 对席位数量的系统性削减是一颗难以回避的定时炸弹。

---",Atlassian 的核心业务是为软件开发、IT 运营及业务团队提供项目管理与协作工具（核心产品包括 Jira、Confluence、Bitbucket 等）。其收入模型属于典型的 SaaS 订阅制，主要基于企业客户的订阅坐席数（Seats）以及功能层级（Tier）进行收费。核心指标是客户数量、单客户平均订阅坐席数以及增量模块的交叉销售转化率。,在 AI 大语言模型时代，开发者可以利用 AI 辅助编写代码或生成文档，这极大提升了单个开发者的生产力。然而，Atlassian 的核心计费单位是“人（坐席）”。大语言模型用量的增加并不会导致企业雇佣更多开发者，反而可能在中长期降低企业对基础开发人员的扩张需求。因此，LLM 使用量的激增与 Jira/Confluence 的坐席数增长之间不存在明显的线性促进关系，核心业务指标几乎保持不变甚至面临部分收缩风险。,Atlassian 具备典型的纯软件公司财务特征，Non-GAAP 毛利率常年维持在 80% 以上的高水平。如果仅是将内部 AI 功能（Atlassian Intelligence）作为高级订阅层的附加权益，由于云基础设施规模效应，其利润率可以维持。,不符合,0
ZETA,Zeta Global Holdings Corp.,Enterprise & Vertical SaaS,-13.91%,不符合,3.0,主营基于 AI 的全渠道营销云平台和消费者数据平台（CDP）。面向 B2C 企业（零售、金融等），通过收集、清洗消费者数据并构建身份图谱，解决企业精准营销、广告投放优化及客户生命周期管理的问题。,Usage-based（按使用量计费）模式占比较高，但其“用量”指的是营销触达次数（如邮件发送、广告曝光）和消费者数据查询量。尽管其内部深度使用 AI 优化营销 ROI，但对客户的计费并不随客户自身部署 AI 的代码量或 IT 数据量线性增长。,驱动因素是客户增加数字营销预算、接入更多营销渠道以及扩大受众定位范围。,解决的是获客成本高昂、跨渠道消费者画像断层的营销痛点。并不解决企业开发内部 AI 应用或维持 IT 系统稳定性的痛点。,拥有庞大的消费者身份图谱（Identity Graph）和预测性营销 AI 模型，但属于“封闭式赋能业务”的自有资产，并不面向开发者提供通用的 AI 模型管理或推理运维平台。,"结论
符合。（具备按使用量计费的弹性模型，大语言模型生成的个性化营销动作越多，直接拉动账单当量，且利润率持续扩张）。

[ZETA Stock: AI Marketing Giant or Overhyped? (2025 Analysis)](https://www.youtube.com/watch?v=txiG57dNNU8)
这段视频提供了关于 Zeta Global 的 AI 营销云模型和其用量计费机制能否转化为持久护城河的客观视角。",公司正在从“软件”向“智能体”转型。2026 年 3 月 24 日，Zeta 联合 OpenAI 推出了名为“Athena”的企业级 AI 营销代理，将复杂的营销执行转换为自然语言交互，号称能为客户带来 6 倍的广告支出回报。,**面临极大的颠覆性风险。** 营销科技（MarTech）领域的合规容错率高。AI Coding 和大模型 API 的爆发，意味着任何具备一定 IT 能力的消费品牌，都可以基于 Snowflake 或 Databricks 上的底层客户数据，利用 AI 轻易构建定制化的营销自动化工作流和内容生成模块。Zeta 提供的“SaaS 软件执行层”价值正在被快速抽干，其唯一的护城河仅剩下其宣称的“专有数据云和身份图谱”是否真的具备不可替代的质量。,目前股价在 17 美元左右。虽然公司过去 12 个月的营收增长接近 30%，但其技术护城河在 AI 浪潮下受到极大质疑。此前市场中也曾出现过针对其数据收集方式和质量的空头质疑。在 AI 使得营销执行层彻底商品化的今天，其实际盈利能力的持续性面临重大考验。,"*   **5. 综合评分：3 分**
（纯粹的商业流程自动化 SaaS，极易被基于 AI Coding 的定制化方案替代，业务护城河脆弱。）",Zeta 是一家基于 AI 的营销云和全渠道数据平台。其核心业务是利用专有数据资产为企业提供受众识别与营销自动化执行。收入模型是典型的基于使用量计费（Usage-based），具体收费取决于处理的数据量级、营销活动的发送频次以及 AI 智能的执行规模。核心指标为超级规模客户数（Super-Scaled Customers）以及单客户平均数据与活动消耗量。,根据 2026 年 5 月最新的机构评估与第一季度财报（营收同比增长 50%），Zeta 业绩的大幅超越直接归因于其推出的“Athena”超智能代理（Superintelligent Agent）。在营销云领域，大语言模型的使用将原本固定的“工作流”转变为无限次并发的“AI 代理主动探测与内容生成”。因为 Zeta 按数据消耗和营销动作执行量收费，客户利用 Athena 生成成千上万个高度个性化的跨渠道营销活动，将直接导致底层查询量和执行代币的线性激增。用量即计费，AI 的深度使用直接反映在账单的增长上。,在业务量激增的同时，Zeta 2026 年第一季度的调整后 EBITDA 强劲增长 42%（达 6610 万美元），2026 全年 EBITDA 利润率指引进一步提升至 22% 以上。其规模效应和内部 AI 带来的运营杠杆，证明了在高消耗模型下，其非公认会计准则下的利润率不仅可维持，甚至具备扩张能力。,符合,1
XYZ,"Block, Inc.",FinTech Software,+14.89%,不符合,8.0,SQ 核心业务包括 Square（面向中小商户的 POS 与支付生态系统）和 Cash App（面向个人的 P2P 转账及个人金融服务）。它通过软硬件结合的支付网关和数字钱包技术，解决商户收款摩擦以及个人用户的信贷与转账痛点。,完全的交易量驱动（Transaction-based）。Square 的收入来自商户支付流水（GPV）的抽成，Cash App 依赖用户的转账、比特币交易及金融服务的变现率（Monetization Rate）。计费与 AI 产出完全脱节。,由单个用户的交易频次、信贷使用量以及留存周期驱动。,解决的是中小商户的收单以及 C 端用户的 P2P 资金流转痛点，与“代码爆炸”毫无关系。,底层资产是法币、信用与加密资产，与 AI 模型的训练、推理或制品管理无关。,,AI 能够大幅压缩软件迭代周期并替代部分程序员岗位，这在 SQ 身上体现得极为极端。根据《Darden Report》于 2026 年 3 月 13 日的商业评论披露，Block CEO Jack Dorsey 明确将 AI 作为核心战略工具，主导了高达 40%（约 4000 人）的惊人裁员。通过引入 AI 替代传统知识工作者和程序员，SQ 实现了暴力的利润释放。,降低了新入局 Fintech 公司的开发成本，导致数字钱包和支付网关功能的同质化竞争加剧。这可能迫使 SQ 在获客（CAC）和商家抽成费率上打价格战。,"**财报（截至 2026 年 5 月 7 日发布的 Q1 财报）**：极端利好，利润率暴增。
   * 数据：第一季度毛利达到 29.1 亿美元（同比增长 27%），调整后营业利润率创下 25% 的历史新高。调整后 EPS 为 0.85 美元（同比增长 52%）。
   * 走势：截至 5 月 8 日，股价报 60.50 美元（单日上涨 1.09%），市场对其财务数据的反应积极。
   * 佐证：强劲的盈利数据和达标的“40法则”（总和达 52%），直接佐证了 3 月份由 AI 驱动的激进架构重组大幅提升了运营效率。","8 / 10**
*理由*：利用 AI 进行了果断的组织瘦身，财报显示利润扩张逻辑已完全兑现，是利用 AI 降本增效的典型受益者。

---",Block 的核心业务分为针对商户端的 Square（支付处理与SaaS）以及针对C端用户的 Cash App（电子钱包与金融服务）。其收入模型主要依赖交易抽成（Take Rate）、SaaS订阅费以及比特币交易价差。核心指标为：总支付交易量（GPV - Gross Payment Volume）、Cash App 月活跃交易用户数（Monthly Transacting Actives）以及单用户资金流入量。,AI 在该业务中的主要作用是降本增效（如提升风控与欺诈检测能力）和辅助商户（如生成式AI帮助商户撰写营销邮件）。然而，大语言模型使用量的激增，与线下咖啡店卖出多少杯咖啡（GPV）、或用户向朋友转账多少次（Cash App 活跃度）不存在直接的因果关系。宏观消费能力和零售交易频次才是决定其核心指标的当量。,Block 的 Non-GAAP 毛利表现出较强的韧性。如果在风控和客服端过度引入高成本的推理算力，短期内可能会略微推高运营支出，但作为成熟的金融科技公司，其核心支付毛利结构不会被AI用量直接拖垮。,不符合,0
CWAN,"Clearwater Analytics Holdings, Inc.",FinTech Software,+1.00%,不符合,9.0,CWAN 为保险公司、资产管理公司和大型企业提供投资组合的会计核算、报告和合规管理 SaaS 平台。其技术核心是海量多源异构金融数据的每日自动聚合与对账，解决机构投资者在面对复杂监管要求时“算不清账”的痛点。,非 Consumption-based。主要采用基于资产管理规模（AUM-based）计价，即从客户托管的投资组合规模中抽取基点（Bps），与底层算力消耗完全脱钩。,根据 2026 年 5 月的披露数据，其 2025 财年 NRR 维持在 108% 左右。增长明确归因于核心客户资产管理规模的自然膨胀，以及针对 Enfusion 和 Beacon（均于 2025 年完成收购）等新模块的交叉销售。,卡位于机构投资者的每日投资组合对账、合规检查与多资产类别风险测算，与解决代码/系统复杂性无关。,公司内部虽利用生成式 AI（如其专有工具 Helios）处理非结构化数据，但对外不具备纳管任何 AI 算力与模型资产的功能。,"结论
不符合。底层收费指标（AUM）与 AI 使用量无线性关联。",**逻辑**：高度利好。CWAN 业务的难点在于为数千家不同的数据源（托管行、券商）编写数据解析器（Parsers）。AI Coding 可以让 CWAN 的工程师以极快的速度生成这些数据接口代码。在财报中，CEO 明确指出 GenAI 已被整合进组织架构中，使非技术员工也能以前所未有的速度交付内部自动化。,**逻辑**：影响有限。机构投资会计涉及极其复杂的公认会计原则（GAAP/STAT）和合规责任。即使客户拥有极强的 AI 编码能力，也不会愿意承担自建核算系统所带来的审计风险和法律责任。,**2026年5月7日**发布的 2026 财年第一季度财报极其强劲。营收达 2.212 亿美元（同比增长 74%，部分得益于此前对 Enfusion 等的收购），调整后 EBITDA 达 7740 万美元（同比增长 71.8%），利润率接近历史最高水平的 35%。这佐证了 AI 不仅没有削弱其需求，反而助力了其利润率的扩张。,"9/10**
（打分逻辑：坚固的合规数据护城河，AI Coding 是其业务扩张的纯粹杠杆，财报业绩完美印证了逻辑。）

---",核心业务是为保险公司、资产管理机构和大型企业提供基于云的投资会计、数据聚合、对账及报告平台。收入模型主要是基于资产规模（AUM）的阶梯式计费，通常以基点（bps）提取费用。核心指标为系统平台上处理的资产管理规模（AUM）。,大语言模型用量的增加对其核心业务指标几乎不变。CWAN 的核心计费逻辑死死锚定于客户金融资产的体量。生成式 AI 可以帮助资产管理人通过自然语言更快地查询投资组合敞口或自动生成研报，但这改变不了客户本身的 AUM 规模。AUM 受资本市场波动和机构募资能力影响，与大模型计算量完全脱钩。,Non-GAAP 毛利率极具韧性，维持在 75% 左右。引入基于大语言模型的交互查询功能带来的算力成本增加，在庞大 AUM 基数抽成的收入模型前微不足道，利润率可轻松维持。,不符合,0
ACIW,"ACI WORLDWIDE, INC.",FinTech Software,-0.35%,不符合,8.0,ACIW 是一家提供实时支付和银行软件解决方案的底层基础设施供应商。其客户群体为全球大型银行、商户和计费方。ACIW 利用其复杂的支付网关和清结算系统，解决的是客户在处理高并发、跨国境、严合规的资金流转时的安全与效率问题。,非 Consumption-based。主要为基于数字支付交易量（Transaction-based）的处理费用与传统软件许可费用。其计费因子与 AI 生成的代码量或数据吞吐量毫无关联。,其 NRR 的维持依赖于全球银行与商户支付处理网络交易额的增长以及旧系统模块的更新换代，不存在由单个客户大语言模型“用量爆发”驱动的扩展。,核心业务解决的是实时支付网络对接与资金流转中的反欺诈痛点，完全不涉及解决 AI 带来的“代码爆炸”或“IT 系统复杂度剧增”等基建问题。,业务网络锚定在法定货币与支付通道层面，不具备管理 AI 模型权重（Weights）、伪像（Artifacts）及监控底层 AI 推理过程的中间件能力。,"结论
不符合。支付量不随大语言模型使用量的增加而发生线性增长。",**逻辑**：ACIW 的系统包含大量历史悠久的底层代码（如基于 COBOL 或 C 的核心银行系统）。AI Coding 极大降低了遗留系统的维护成本，加速了 ACIW 自身向云端原生架构的迁移速度，从而提升了其研发端的毛利率。,**逻辑**：负面影响极小。支付系统的核心壁垒不在于“代码编写的难易度”，而在于连接不同金融机构的通道网络、极低的网络延迟以及金融级别的合规审计。客户绝对不可能仅因为 AI 写代码变容易了，就去自行编写一个替代 ACIW 的支付清算网关。,**2026年5月7日**发布的 2026 财年第一季度财报显示利好。营业收入达 4.26 亿美元（同比增长 8%），EPS 为 $0.61，超出华尔街预期 117.86%。强劲的经常性收入（Recurring revenue）和实时支付业务增长佐证了其业务底盘极其稳固，未受 AI 冲击。,"8/10**
（打分逻辑：业务护城河深，完全免疫 AI Coding 的替代风险，且能通过 AI 优化内部研发成本，财务数据强劲。）

---",该公司的核心业务是为全球银行、商户和计费机构提供实时电子支付及支付网关软件。其收入模型主要由软件许可费、SaaS 订阅费以及基于交易处理量的交易费构成。核心指标为系统端点数量及处理的实际支付交易笔数（Transaction Volume）。,大语言模型用量的增加对其核心业务指标几乎不变。AI 技术在此类业务中主要用于提升反欺诈（Anti-Fraud）模型的精度或优化内部代码开发效率。然而，宏观上的电子支付笔数受全球消费需求、GDP 增速和商业活动频次驱动。用户不会因为大语言模型算力的增强或交互频次的增加，而产生更多真实的支付行为。,公司的 Non-GAAP 毛利率常年相对稳定（维持在 50% - 60% 区间）。由于其核心计费单元（支付笔数）不会因为 AI 用量而激增，其服务器和云资源的支出相对可控，毛利率能够维持，但缺乏 AI 驱动的爆发弹性。,不符合,0
SSNC,SS&C Technologies Holdings Inc,FinTech Software,-19.56%,不符合,7.0,SSNC 是全球领先的金融服务及医疗健康软件供应商。主要面向对冲基金、资产管理公司、私募股权机构提供基金行政管理、财富管理软件（如 Advent）以及企业级自动化服务。技术上，以其强大的专有平台及自动化工具（如 Blue Prism RPA）为客户解决后台清算、合规披露及交易管理的降本增效问题。,其收费模式主要基于资产管理规模（AUM）的分成、按需服务费以及传统的席位/模块订阅费（Seat-based/Module-based）。计费因子与客户内部由于 AI 产生的代码量或数据吞吐量无任何关联。,净收入留存率（NRR）主要由客户资管规模的自然扩张、通胀带来的定价调整以及跨模块追加销售（Cross-sell）驱动，绝非单个客户的数据用量爆发。,核心痛点是解决金融中后台的清算、合规与投资组合管理复杂性，而非解决 AI 开发带来的“系统复杂性剧增”或“IT 节点监控”。,托管的是金融资产与交易数据，不具备管理大语言模型（Weights/Artifacts）或 AI 推理集群的能力。,"结论
不符合。 尽管利润率可维持甚至改善，但其业务模式是典型的“坐席/AUM驱动”而非“算力/数据用量驱动”，AI大语言模型用量的增加无法对其核心营收指标产生明显的线性促进作用。",作为一家本身依赖庞大开发团队维护复杂金融后台系统的公司，AI Coding 直接降低了其内部的研发与维护成本。此外，SSNC 正在将其转化为产品线，于 2026 年 4 月 28 日正式推出了基于 AI 编排的企业级 Agentic 自动化平台 Blue Prism WorkHQ，这使其能够向金融客户出售具有更高附加值的 AI 自动化解决方案。,长期来看，AI Coding 降低了垂直金融软件的开发门槛。大型资产管理公司未来可能利用内部团队配合 AI Coding 工具，低成本地搭建定制化的中后台系统，从而削弱对 SSNC 昂贵标准化软件和外包服务的依赖，对其高续费率构成潜在威胁。,"**财报（截至 2026 年 4 月 23 日发布的 Q1 财报）**：营收表现强劲，未受明显负面冲击。
   * 数据：第一季度调整后营收达 16.48 亿美元（同比增长 8.8%），调整后 EPS 为 1.69 美元（同比增长 14.2%）。
   * 走势：截至 5 月 6 日，股价收报 69.52 美元。近一个月在 67-72 美元区间窄幅震荡，表现远强于所谓“腰斩”的软件股。
   * 佐证：管理层在财报会议中上调了 2026 全年指引，并强调其核心的 GIDS 和 GlobeOp 业务展现出极高的客户粘性。这证明金融后台基础设施的核心护城河在于“合规与信任”，而非单纯的代码壁垒。","7 / 10**
*理由*：业绩稳健，内部降本效应显现，且将 AI 转化为新业务线，但长期面临客户自研能力提升的隐患。

---",SS&C 的核心业务是为金融服务行业（资产管理、对冲基金、私募股权）和医疗保健行业提供核心软件和软件即服务（SaaS）。其收入模型主要为高续约率的长期订阅费、软件维护费以及基于AUM（资产管理规模）或账户数量的托管与专业服务费。核心指标为：资产管理规模（AUM）、软件授权坐席量（Seats）以及客户留存率。,金融机构在内部大量引入大语言模型（如用于投研分析、自动生成报告），不会带来 SS&C 核心指标的线性增长。SS&C 的收费锚定的是客户的资产规模或员工坐席数。即便某个对冲基金客户每天调用一万次大模型API进行数据清洗，只要其AUM或员工数量没有发生变化，SS&C 能够收取的软件授权费几乎保持不变。,SS&C 拥有极高的 Non-GAAP 毛利率（通常维持在 50% 左右甚至更高）。在AI时代，其毛利率不仅能够维持，反而可能因为自身在数据外包处理（BPO）业务中采用AI替代大量人工核算而实现成本端优化，进一步提升利润率。,不符合,0
BILL,"BILL Holdings, Inc.",FinTech Software,-17.27%,不符合,3.0,BILL 主要为中小型企业（SMB）提供基于云的应付账款（AP）和应收账款（AR）自动化软件。它通过 OCR（光学字符识别）和工作流引擎，解决中小企业手动输入发票、审批拖沓和对账困难的问题。,非 Consumption-based。主要依赖基础的 SaaS 订阅费以及按资金处理规模（TTV）收取的交易抽成。虽然利用 AI 进行发票数据提取，但不对 AI 产出量单独计费。,增长驱动核心来源于中小企业（SMB）客户基数的扩大、平台资金沉淀利息收益，以及单体企业交易流水的增加。,解决的是企业应收/应付账款（AP/AR）的人工核销痛点，而非开发者侧的 IT 系统管理痛点。,属于典型的财务黑盒应用，前端输出财务对账结果，不提供任何面向大模型训练或推理链条的资源管理工具。,"结论
不符合。AI 仅作为效率工具，无法带动其核心指标（发票处理量与 TPV）实现量级跨越。",**逻辑**：BILL 可以利用 AI Coding 加速产品迭代，并运用更先进的生成式 AI 来提高非结构化发票数据的提取准确率，减少人工介入。,**逻辑**：**面临极大的颠覆风险**。BILL 的核心业务逻辑是基础的“表单流转与审批”。随着 Agentic AI（如 Claude）的发展，中小企业完全可以使用自然语言指示 AI 代理（AI Agents）读取邮箱中的发票并自动对接银行 API 完成支付。AI Coding 极大地降低了财务工作流软件的准入门槛，可能导致 BILL 丧失定价权并面临严重的客户流失。,**2026年2月7日**发布的 2026 财年第二季度财报显示出隐忧。尽管营收达到 4.147 亿美元（同比增长 12.3%），但过去 12 个月（TTM）录得 2420 万美元的净亏损。相比 2025 年同期的盈利状态，由盈转亏。这佐证了在竞争加剧和宏观逆风下，公司将营收转化为实际利润的难度正在加大。,"3/10**
（打分逻辑：其所处的 AP/AR 赛道是 AI 最容易直接自动化的领域。护城河较浅，且财务陷入亏损，未来面临估值和基本面的双重挤压。）

---",核心业务为面向中小企业（SMB）的云端财务后台自动化软件，专注于应付账款（AP）和应收账款（AR）的流转。收入模型包括：基于坐席及功能层级的 SaaS 订阅费、基于支付笔数/金额的交易费（Transaction Fees），以及资金沉淀带来的浮存金利息收入（Float Revenue）。核心指标为总支付交易额（TPV）、交易笔数和订阅客户数。,大语言模型用量的增加对其核心业务指标几乎不变。BILL 大量利用 AI 和机器学习进行发票的 OCR 提取、分类和审批流自动化。AI 是实现“降本增效”的工具，但绝不会创造增量需求——一家中小企业的真实业务发票数量和待支付款项是固定的，不会因为 AI 识别速度变快而线性产生更多发票或支付更多金额。,BILL 具备极高的 Non-GAAP 毛利率（通常在 80% 以上）。调用 AI API 会增加一定比例的销货成本（COGS），但在高毛利护城河下完全可以维持。,不符合,0
QTWO,"Q2 Holdings, Inc.",FinTech Software,-27.80%,不符合,7.0,QTWO 为区域性银行、社区银行和信用合作社提供数字银行平台（SaaS）。解决的是中小型金融机构缺乏独立 IT 研发能力，无法向用户提供现代化网银和移动银行体验的问题。,非 Consumption-based。截至 2026 年 4 月 29 日发布的一季度财报，其总收入中 83% 为订阅制收入（Subscription revenue）。虽然公司近期推出了 Q2 Code 等 AI 增强产品，但仍打包在平台增值模块中销售。,ARR（年度经常性收入，2026 Q1 达 9.45 亿美元）的增加，来源于地方性银行及信贷机构采用更多的数字化前端模块，非 AI 系统用量所致。,解决的是传统银行数字化转型、手机银行界面开发及风控网络接入问题。虽然应用了 AI 反欺诈，但这属于业务逻辑，不涉及系统基础设施的可观测性痛点。,作为一套封装完整的银行数字前台，缺乏 IT 基础设施中间件和 AI 资产运行轨迹的观测能力。,"结论
不符合。C 端银行账户注册数量无法通过 AI 大语言模型的使用量来催生。",**逻辑**：银行客户经常需要定制化的 UI 和特定的后端对接。AI Coding 工具可以帮助 QTWO 的交付团队大幅缩短定制化模块的开发周期，提升交付效率并降低实施成本。,**逻辑**：存在潜在的长期脱媒风险。如果 AI Coding 工具发展到极易使用的程度（如通过自然语言生成网银系统），部分规模较大的区域性银行可能会选择自建数字银行系统，从而摆脱对 QTWO 标准化平台的依赖。,**2026年5月2日**发布的 2026 财年第一季度财报表现稳健。营收 2.165 亿美元（同比增长 14%），GAAP 净利润达到 2660 万美元（较 2025 年同期的 480 万美元大幅增长）。财报中明确提到其数字银行平台和防欺诈解决方案持续保持强劲势头，这佐证了现阶段社区银行对外部成熟 IT 供应商的依赖并未因 AI 爆发而减弱。,"7/10**
（打分逻辑：基本面扎实，当前银行客户求稳，短期内不会用 AI 自建核心业务。但长远看，标准化网银的护城河不够深，估值想象空间受限。）",核心业务为区域性银行、信用合作社等中小型金融机构提供数字银行业务平台（网银和移动端 APP 底层框架）。收入模型主要为 SaaS 订阅以及基于使用量的费用。其核心收费基础指标为金融机构平台上注册的数字银行用户数（Registered Users）。,大语言模型用量的增加对其核心指标几乎不变。AI 可以被集成进数字银行 APP 的智能客服或财务健康助理中，但一家地方性信用合作社能获取多少开户人数（注册用户数），取决于其本地化营销能力、存款利率和网点覆盖，与软件系统内跑了多少大模型 Token 毫无关联。,Non-GAAP 毛利率大致在 50% - 60% 区间，属于中等偏上水平。若向 C 端大量开放缺乏调用频率限制的 AI 对话功能且无法向下游银行转嫁成本，可能会对毛利率造成轻微拖累，但总体仍可维持。,不符合,0
INTU,INTUIT INC.,FinTech Software,-36.92%,不符合,5.0,INTU 是全球最大的财务软件公司之一，旗下拥有 QuickBooks（中小企业财务）、TurboTax（个人税务）和 Mailchimp 等。它通过标准化的软件产品解决企业记账和个人报税问题。,非 Consumption-based。由固定订阅制、按次申报费以及高级咨询服务（AI-driven Expert）构成。产品升级的定价逻辑是转移到更高阶的 SKU，而不是按 Token 计量。,核心驱动力来自于强大的税务和财会软件议价权、提价动作以及向高客单价服务（TurboTax Live/QuickBooks Live）的迁移转化。,业务护城河建立在繁杂的美国联邦/州级税法规则库和庞大的 SMB 财务数据集上，与化解底层代码爆炸的痛点不在一个维度。,应用场景封闭，仅提供最终的财税决策建议和自动化报表，不提供 AI 开发或模型监控层面的资产管理能力。,"结论
不符合。其业务逻辑为利用 AI 提升客单价（ARPU）和用户留存，而非通过大语言模型底层用量的激增来直接驱动核心数量指标的爆发。",**逻辑**：INTU 拥有海量的专有财务数据，并且积极拥抱 AI（如与 Anthropic 建立多年期合作关系）。2026年1月，INTU 的 AI 代理自动分类了超过 2.37 亿笔交易。AI 极大缩短了报税时间并提高了产品体验。,**逻辑**：**存在结构性逻辑破坏的风险**。INTU 过去依赖软件界面的易用性来收取高额订阅费。AI Coding 使得更轻量级、更便宜的 AI 财税初创公司能够以极低的研发成本入局。对于 SMB 而言，如果一个基础的 AI Agent 就能完成记账，他们将不再需要支付昂贵的 QuickBooks 席位费，这直接威胁了 INTU 的定价权。,**2026年2月下旬**发布的 2026 财年第二季度财报显示出市场分歧。虽然 Q2 营收同比增长 17% 达到 47 亿美元，但管理层给出的 Q3 营收增长指引大幅降速至约 10%。此外，Mailchimp 的整合拖累了部分增长。这份降速的指引，叠加市场对“AI 颠覆传统软件”的恐慌，导致其股票在此期间暴跌近 40%，市盈率（P/E）遭遇大幅杀跌。,"5/10**
（打分逻辑：作为行业巨头，INTU 自身 AI 转型积极且财务仍有韧性。但 AI Coding 彻底改变了财务软件的稀缺性，其过往的极高估值溢价被打破，短期内难以回到统治级地位。）

---","核心业务为面向消费者与中小企业的财务及税务软件（TurboTax, QuickBooks, Mailchimp）。收入模型混合了 SaaS 订阅费（按坐席/功能分级）和按次收费（如 TurboTax 单次报税单提交费、工资单处理费）。核心指标为软件订阅用户数及报税/处理单据的绝对数量。",大语言模型用量的增加对其核心指标几乎不变。Intuit 投入重金研发了基于自有金融数据的 Intuit Assist（AI 助手）。AI 的主要作用是提升软件易用性，通过智能问答减少人工客服成本，或引导客户升级到更高价位的专家协助版本（Upsell）。但报税是一项合规刚需，美国公民每年仅需申报一次，中小企业的记账周期也是固定的，核心处理量已被法定周期锁死，不存在因大模型而激增的可能性。,极其强韧。Non-GAAP 毛利率常年超过 80%。Intuit 拥有强大的 C 端及 B 端定价权，AI 带来的推理成本上升完全可以通过订阅费用的提价来覆盖。,不符合,0
EA,ELECTRONIC ARTS INC.,Gaming & Interactive Entertainment,-1.94%,不符合,4.0,EA 是全球头部的游戏开发与发行商（旗下有《FIFA/FC》、《Apex Legends》等）。主要面向全球玩家，利用其专有的寒霜引擎（Frostbite Engine）及大规模服务端架构，解决 3A 级高质量互动娱乐内容的工业化量产问题。,标准的内容消费模式。一次性买断（Full Game）+ 实时服务微交易（Live Services，如内购道具、赛季通行证）。绝非 IT 资源用量计费。,"对应游戏行业的 ARPU（单用户平均收入）和用户生命周期价值（LTV）。增长来自玩家对游戏 IP（如 FC, Apex）的粘性和内购欲望，与单一客户的 AI 工作负载无关。",娱乐属性的数字消费品。公司内部会使用 AI 解决自身的“资产开发复杂性”，但并不对外输出此类解决方案。,管理的是 3D 模型、动画和音频等游戏资产，不涉及通用或行业的 AI 模型托管。,"结论
不符合。 内容平台的用户时长天花板导致了业务指标无法随着生成式AI的调用量无休止地线性增长。","AI Coding 在游戏工业化管线中作用巨大。根据 Opsera 于 2026 年发布的《AI Coding Impact 2026 Benchmark Report》，AI 工具（如 Copilot, Cursor）使开发人员的代码拉取请求时间（Time-to-PR）缩短了最高 58%。对于 EA 而言，这意味着可以更快地生产游戏内资产和赛季更新内容。",彻底打破了 3A 游戏的“人数碾压”壁垒。中小型独立工作室可以借助 AI 代码生成和 AI 资产生成，以极低成本做出媲美传统大厂体量的游戏。这导致 EA 面临更为拥挤的市场竞争，难以维持高溢价。,"**财报（截至 2026 年 5 月 5 日发布的 2026 财年 Q4 财报）**：双重暴雷，利空佐证明显。
   * 数据：营收为 18.64 亿美元，不及预期的 20.56 亿美元；EPS 为 1.59 美元，大幅错失 2.49 美元的预期。
   * 走势与研报：依据 Simply Wall St 5 月 6 日发布的分析，EA 过去 12 个月的净利润率从 15% 衰退至 11.8%。
   * 佐证：利润率的压缩直接戳破了“AI 降本将无条件提升大型游戏公司盈利”的看多叙事。竞争加剧导致的宣发成本增加，抵消了 AI 带来的研发节约。","4 / 10**
*理由*：AI 代码革命非但没有拯救老牌大厂，反而让其护城河受损，最新财报的全面不及预期就是最直接的警报。

---","EA 是全球领先的游戏开发与发行商。核心业务是通过自有IP（如 EA Sports FC, Apex Legends）提供互动娱乐内容。收入模型为游戏本体销售（全价游戏）与实时服务（Live Services，即游戏内微交易和通行证）。核心指标为：净预定量（Net Bookings）、日/月活跃用户（DAU/MAU）以及单用户平均收入（ARPU）。",游戏是典型的“占用用户时间”的内容消费。正如你在框架中所指出的，C端用户每天的闲暇时间是具有物理上限的（通常为数小时）。大语言模型能够极大程度加快EA生成游戏资产（3D建模、NPC对话）的速度，增加内容的供给，但无法突破人类每天只有24小时的铁律。模型用量的增加不会让玩家的游戏时长无限制翻倍，因此无法线性拉动 ARPU 和 DAU。,游戏行业的毛利率普遍较高。GenAI 更多是作用于研发（R&D）阶段的降本工具。在不显著增加实时推理成本（如不在游戏中采用大规模实时演算的AI大模型NPC）的前提下，其 Non-GAAP 毛利率具有高度韧性，甚至有望因开发周期缩短而扩大。,不符合,0
TTWO,TAKE TWO INTERACTIVE SOFTWARE INC,Gaming & Interactive Entertainment,-12.38%,不符合,7.0,全球领先的电子游戏开发与发行商（旗下拥有《GTA》、《NBA 2K》等核心IP）。面向全球 C 端玩家市场。以专有游戏引擎和 3D 建模技术，解决玩家对高品质、沉浸式互动娱乐体验的需求。,以单份游戏买断（含预购）及游戏内微交易（虚拟物品、内购）为主。完全非 Consumption-based，其收入与 AI 模型的产出量、代码量或数据量没有任何关联。,不适用传统 SaaS 的 NRR 概念。其增长驱动力来自于核心 IP（如 GTA 6）的发行周期、月活用户数（MAU）及单用户平均收入（ARPPU）。,作为游戏开发商，AI 能够提升其内部的美术和代码生成效率，但其向市场交付的是娱乐产品，完全不解决企业级 AI 带来的“代码爆炸”或“系统复杂性剧增”痛点。,内部拥有专有游戏引擎和 NPC 行为模型库，但不具备面向第三方的 AI 模型（Weights/Artifacts）管理或 MLOps 推理流程调度能力。,"结论
不符合。",3A 游戏开发是高度资本和人力密集型的工程。AI 辅助编码能显著缩减庞杂的底层代码编写、NPC 逻辑生成及 QA（质量保证）测试的周期。这直接降低了研发沉没成本，加速核心产品的交付速度并提升利润率。,代码门槛的降低使得独立开发者和小型工作室能够利用 AI 快速构建游戏架构，可能导致游戏市场内容供给泛滥，加剧长尾竞争。但对于头部 3A 资产的护城河（庞大的美术资产、叙事设计与顶级 IP 积累）实质性破坏力有限。,截至美东时间 2026年5月8日 12:19，其实时股价为 221.96 美元。根据 2026年5月4日的新闻动态，管理层对《GTA VI》的营销进度释放积极信号，缓解了延期担忧，促使当日股价上涨超 4%。关于 AI Coding 的爆发是否在当期财务数据中构成了实质性的利空或利好：**缺乏足量的事实数据进行确切归因**。当前市场定价的核心依然是单一超级产品（GTA 6）的释放周期。,"7/10**。（AI 对于拥有重资产内容护城河的 3A 厂商而言，主要是降本增效的内部工具利好，被颠覆风险极低）。
---",公司的核心业务是互动娱乐与电子游戏的开发及发行（如《GTA》、《NBA 2K》系列）。收入模型以买断制游戏销售、游戏内微交易（DLC、虚拟货币）以及经常性消费者支出（RCS）为主。核心指标是月活跃用户数（MAU）、单用户平均收入（ARPU）及游戏端销量，属于典型的 C 端时间消耗与内容消费驱动模型。,根据 Morningstar 于 2026 年 5 月 8 日的最新研报显示，该公司的估值与基本面预期完全绑定在《GTA VI》（预计2026年末发布）的市场表现上。在 AI 时代，大语言模型（如生成式智能 NPC 对话）确实能提升游戏的沉浸感，但玩家的游戏时长受限于个人的物理时间。用户支付的是固定的游戏本体费用或特定的虚拟道具费，而非按后端 API / LLM Token 的消耗量进行付费。因此，底层大模型使用量的激增，不会对公司的核心变现指标产生任何明显的线性拉动作用。,虽然游戏研发阶段可能因 AI 辅助生成美术和代码而降低固定成本，但在游戏运营阶段，如果面向过亿玩家大规模实时调用生成式 AI，高昂的云端算力（推理成本）将全部由公司承担。在缺乏“按 token 计费”机制的情况下，玩家用量激增将直接拖累 Non-GAAP 毛利率。,不符合,0
NTES,"NetEase, Inc.",Gaming & Interactive Entertainment,-20.83%,不符合,6.0,网易核心业务为移动游戏及 PC 端游戏研发运营（《梦幻西游》、《蛋仔派对》等），涵盖少量教育（有道）业务。以自研的弥赛亚（Messiah）和 NeoX 引擎为技术底座，面向以亚太地区为主的玩家群，提供强社交、长线运营的服务型游戏。,与 EA 类似，绝对的 To-C 娱乐与内容服务变现，依靠游戏道具销售与增值服务。,取决于长线游戏的运营能力、新版本的大 R（高消费玩家）回流及留存率。,提供互动娱乐体验。网易伏羲等实验室有极强的 AI 能力，但主要用于 NPC 交互和自动生成内容，非针对外部企业解决“IT 系统复杂性”。,属于 AI 技术的“应用层/消耗层”，而非 AI 基础设施平台。,"结论
不符合。 业务核心付费指标与AI调用量非强正相关，且在实时内容互动中，用量的无限制激增反而可能威胁利润率的维持。",相较于 EA 面向 3A 单机，网易偏向移动端“卷产能”。内部 AI 代码辅助及 AI 美术的大量应用，能极大缩短新英雄、新皮肤和新玩法的产出周期，直接提升玩家 LTV（生命周期总价值）。,中国游戏市场属于地狱级竞争。AI Coding 导致中小厂（如叠纸、库洛等）追赶工业化门槛的速度加快。如果竞品能够以同等质量但更快的频率推出内容，网易在 MMORPG 或派对游戏上的绝对统治地位将被稀释。,"**财报（暂缺最新）**：公司官方于 5 月 7 日宣布，将于美东时间 2026 年 5 月 21 日盘前发布 Q1 财报。
   * 走势：截至 5 月 6 日，美股报 118.37 美元；截至 5 月 7 日，港股报 185.60 港元（单日上涨 2.26%）。
   * 佐证分析：缺乏最新的事实数据进行确切的近期基本面归因，目前股价维持在高位震荡区间。","6 / 10**
*理由*：技术积淀允许其较好地消化 AI 工具，但面临国内激烈的同行竞争压力，处于机遇与威胁并存的状态。

---",网易的核心业务同样是网络游戏（以MMORPG和派对游戏为主），并辅以有道（教育）和云音乐。核心收入模型为免费游玩+道具付费（F2P + In-App Purchases）。核心指标为：移动端/PC端游戏净收入、活跃用户数以及付费率（Paying Ratio）。,网易在《逆水寒》等游戏中已经深度落地了基于大语言模型的智能NPC。玩家与NPC对话次数的激增（AI用量激增），确实提高了用户的留存率和沉浸感。但是，网易的商业化设计仍然是卖数值或卖外观（时装、坐骑）。玩家每天调用一千次大模型对话，并不等于他会购买对应次数的道具。核心付费指标与底层算力消耗之间存在断层。,在此需要警惕。如果在游戏中无限制地开放基于大语言模型的实时交互，激增的云端推理算力成本将直接计入主营业务成本（COGS）。如果这部分算力消耗没有转化为额外的内购收入，将直接挤压游戏的毛利率。目前大厂通过小模型本地化或限制调用次数来控制成本，但用量如果无序激增，对利润率构成压力。,不符合,0
RBLX,Roblox Corp,Gaming & Interactive Entertainment,-48.23%,不符合,5.0,Roblox 是一个 UGC（用户生成内容）元宇宙游戏平台。通过提供基于云的 Roblox Studio 引擎及 Luau 编程语言，解决非专业开发者（尤其是青少年）创作、发布游戏并实现商业化变现的问题。,虚拟货币预付模式（Robux Bookings）。开发者依靠玩家消费分成。用户在平台上的创造行为并不按“数据消耗量”向 Roblox 付费，反而 Roblox 是免费提供底层算力。,核心指标是 DAU（日活）和 Hours Engaged（参与时长）。,解决的是 UGC（用户生成内容）的游戏创作与分发门槛。虽然 Roblox 提供了 AI 辅助代码生成助手，但这只是工具，不能以此定性为“解决代码爆炸的底层运维软件”。,是 3D 游戏资产的托管枢纽，而非企业级 AI 模型的管理池。,"结论
不符合。 尽管AI在供给端（内容创作）具有革命性意义，但商业变现端受限于用户的时间与消费力双重瓶颈，且高昂的基础设施投入对利润率构成实质性挑战。",业务逻辑与 AI Coding 具有最深度的天然契合。Roblox 通过原生集成 AI 代码生成助手，让毫无编程基础的玩家可以直接用自然语言生成游戏逻辑。这极大拓宽了其创作者漏斗，使得平台游戏库的丰富度呈指数级爆发。,生成门槛的降低导致平台上充斥大量低质的“换皮”与由 AI 批量生成的“垃圾游戏”，显著推高了云服务器存储成本和内容审核成本。此外，根据 Opsera 的 2026 报告，AI 生成代码的安全性较差（引入了 15-18% 的额外漏洞），对于面向未成年人的游戏平台而言，潜在的数据安全隐患被放大。,"**财报（截至 2026 年 4 月 30 日发布的 Q1 财报）**：营收不及预期，遭遇剧烈抛售。
   * 数据：营收为 1.44 亿美元，严重低于华尔街 1.74 亿美元的预期。EPS 为 -0.35 美元（略好于预期的 -0.41 美元）。
   * 走势：完美印证了你提到的“腰斩”现象。回顾 K 线历史，Roblox 在 2025 年 9 月至 11 月期间曾高达 130-140 美元区间，但截至 2026 年 5 月 6 日已跌至 43.76 美元，跌幅超过 65%。
   * 佐证：营收的严重错失表明，虽然 AI Coding 带来了创作者和内容的繁荣，但这种内容泛滥并未有效转化为玩家的付费意愿（Booking 疲软）。同时，平台变现模型尚未适应由 AI 带来的大产能时代。","5 / 10**
*理由*：产品愿景最受益于 AI 时代，但商业执行和财务兑现出现严重脱节，市场用脚投票导致股价崩盘。",Roblox 是一个由用户生成内容（UGC）驱动的沉浸式3D平台。其业务为提供引擎和服务器，让创作者开发游戏并供玩家游玩。收入模型是虚拟货币（Robux）的充值与经济系统抽成。核心指标为：日活跃用户（DAU）、用户参与时长（Hours Engaged）以及单日活用户平均预定量（ABPDAU）。,Roblox 正在推出内部的 GenAI 工具（如通过自然语言生成代码和3D材质）。这大大降低了创作者的门槛，可能会带来平台游戏数量和多样性的爆发。然而，回到需求端，数千万 DAU 的可支配零花钱（主要为青少年群体）和屏幕时间是有限的。创作者调用 AI 接口的频次呈指数级上升，并不等同于玩家群体充值 Robux 的金额会呈指数级上升。,Roblox 本身的毛利结构中，基础设施/信任与安全（Trust & Safety）以及创作者分成占据了极大比重，导致其盈利能力一直承压。引入消耗算力极大的生成式AI工具，如果无法通过显著提高总体游戏预定量来覆盖，会进一步加剧基础设施折旧与服务器费用的负担，利润率维持难度高于前四家公司。,不符合,0
U,Unity Software Inc.,Gaming & Interactive Entertainment,-36.36%,不符合,4.0,提供跨平台的实时 3D (RT3D) 引擎和开发平台。主要面向游戏开发者、XR 创作者以及工业数字孪生企业。解决跨终端底层渲染适配成本高、物理引擎开发难度大的问题。,以按座席（Seat-based）订阅（Create Solutions）和广告/服务变现（Grow Solutions）为主。尽管其推出了 Unity Muse 等 AI 功能，但并未实现与 AI 代码生成量挂钩的纯按量计费，商业模式容易受到“AI 提升单兵效率导致开发团队缩编（削减座席）”的通缩影响。,其 NRR 的增长主要依赖于向现有工作室追加座席授权、提高订阅费率以及广告网络的交叉销售，而非单客户 AI 算力消耗的爆发。,解决了 3D 内容创作和游戏代码开发的效率问题，但并不解决企业云原生架构及 AI IT 系统的运行复杂性痛点。,具备一定的端侧卡位（如 Unity Sentis，支持在终端设备上进行 AI 模型推理），这是其在 AI 领域的亮点。但其主要局限于游戏和 3D 场景，不具备通用的数据与模型权重管理能力。,"结论
不符合。",AI 大幅降低了编程门槛。更多非计算机专业的创作者可以通过自然语言接口（如 Unity 自有 AI 产品 Muse）生成 C# 脚本，从而扩大了 Unity 的总潜在市场 (TAM) 和基础创作者基数。,这是该标的面临的致命风险。如果 Anthropic 或 OpenAI 的多模态能力持续进化，开发者可能直接通过大模型生成轻量级的底层渲染代码，或者催生出完全 AI-Native 的极简游戏开发平台。这将直接架空 Unity 作为“中间件引擎”的必要性，对其基于 Runtime 的收费模式构成根基性打击。,截至 2026年5月6日收盘，股价为 27.28 美元，距离 52 周高点 52.13 美元已腰斩。其 2026 年 Q1 财报显示调整后 EPS 为 0.23 美元（低于市场预期的 0.24 美元）。关于近期股价腰斩是否系 AI Coding 爆发所直接导致：**缺乏足量的事实数据进行确切归因**。其表现低迷同样受到前期激进定价策略失误及管理层震荡的拖累。,"4/10**。（短期内用户群可能略微扩大，但长期的技术替代风险和商业模式脆弱性极高）。
---",公司的核心业务是提供 3D 实时互动内容创建与运营引擎。收入模型主要分为两部分：Create Solutions（基于开发者“坐席”数量的固定订阅费）和 Grow Solutions（广告网络，基于玩家应用安装量和广告展示次数结算）。核心业务指标是开发者订阅坐席数、应用运行时安装量（Runtime Fee）及广告转化率。,结合 2026 年 5 月 8 日 Barclays 将其目标价上调至 33 美元的研报，虽然机构认可其近期在 AI 工具（如 Unity Muse）上的势头，但 MarketWatch 等主流观点同样指出 AI 正在加速软件资产的商品化。Unity 的 AI 辅助工具本质上是作为固定价格的附加订阅包（Add-on）销售给开发者的。C 端玩家游玩基于 Unity 引擎开发的游戏时，其留存和看广告的时间同样受限。因此，AI 调用的频次增加，并不会转化为开发者坐席采购量或玩家广告曝光量的线性增长。,Unity 长期面临 GAAP 盈利压力（2026 年 Q1 仍在亏损调整中）。由于核心收入是被“坐席”锁死的固定订阅费，当开发者高频调用底层大模型进行资产生成时，计算资源耗费呈指数上升而收入并未同步，这将对其毛利率施加巨大的下行压力。,不符合,0
FSLY,"Fastly, Inc.",Other Software,+101.28%,不符合,3.0,主营企业级边缘云平台（CDN）。技术核心是基于可编程边缘节点（如 Compute@Edge 和 VCL）以及 Web 应用和 API 保护（WAAP），解决企业内容分发的高延迟问题与边缘网络安全问题。,属于典型的 Consumption-based 模式。主要按带宽消耗、请求次数和边缘计算资源（Compute@Edge）计费。若客户端边缘 AI 推理交互频繁，用量确实会呈线性增长。,其 NRR（近期维持在 116% 左右）既来自流量池的自然扩张，也来自单客户内部跨产品（如安全防护产品 Security）的交叉销售，单客户网络用量的提升是核心驱动力之一。,核心卡位在内容分发（CDN）与边缘计算，解决的是网络延迟与高并发分发问题。虽然可承载部分边缘 AI 推理，但其无法解决企业核心业务逻辑重构带来的“代码爆炸”或后端微服务系统可观测性痛点。,具备在边缘侧下发和运行轻量化代码（Serverless）的能力，但并非专门针对大模型结构、Weights 或复杂 AI 资产治理的托管平台。,"结论
   符合。 属于典型的“AI用量消耗品”，核心指标与LLM驱动的互联网流量正相关。",安全需求的被动激增。根据 Fastly 在 **2026 年 2 月 25 日**发布的《全球安全研究报告》，AI 优先型企业在遭遇网络安全事件时面临“AI 速度税”（AI Speed Tax），恢复时间长达 7 个月，且基础设施遭 AI 数据抓取（Scraping）带来的财务损失大幅上升。AI 代码的大量生成引发了更多的 API 漏洞，客观上推高了对其边缘安全防护组件的需求。,降低客户自建边缘逻辑的难度。过往企业需要依赖 Fastly 提供的高级配置工具来管理复杂的流量调度；现在，企业工程师可以利用 AI Coding 工具快速编写适用于廉价裸金属服务器或基础云厂商的流量调度脚本，削弱了 Fastly 这类高溢价 CDN 平台的核心不可替代性。,**2026 年 5 月 6 日**发布 Q1 2026 财报。营收达到创纪录的 1.73 亿美元（同比增长 20%），管理层同时上调了全年营收指引（7.10 亿 - 7.25 亿美元）。然而，财报发布后的次日（5 月 7 日），股价单日暴跌超 30%，目前报 19.83 美元。这佐证了市场对其边缘计算业务缺乏长期定价权的极度悲观，即使指引向好也无法挽救估值体系的崩塌。,"3/10（偏空）**
属于典型的“增收不增估值”，在基础设施层缺乏垄断级技术壁垒。

---","业务： 边缘计算平台（Edge Computing）与内容分发网络（CDN）。
   模型： 基于流量的使用量计费（Usage-based）。
   指标： 数据传输量（GB）与请求数。","判定：明显增加。
   
   LLM的广泛应用带来了海量的实时推理请求。为了降低延迟，推理正从中心云向边缘侧迁移。AI应用生成的动态内容越多、交互越频繁，FSLY边缘侧处理的请求和清洗的安全流量就越大，这与DDOG的逻辑高度相似：AI流量即收入。",可维持。 边缘侧的网络带宽成本具有规模效应，随着流量激增，单位成本反而在下降，其Non-GAAP毛利率在规模效应下具备扩张潜力。,符合,1
KC,Kingsoft Cloud Holdings Ltd,Other Software,+45.29%,不符合,8.0,主营云计算基础设施（IaaS/PaaS），面向小米生态链、视频及游戏等企业客户。通过提供计算、存储及企业级云原生解决方案，解决客户的 IT 弹性扩容与底层算力调度问题。,典型的 Consumption-based 公有云 IaaS/PaaS 模式，按算力实例（GPU/CPU）、存储空间和公网带宽的占用时长计费。大模型训练和推理的算力消耗会直接带动计费量的线性增长。,增长高度依赖于大客户（如互娱、AI 企业）规模化算力需求的扩张，单客户的 GPU 训练/推理用量爆发是推高 NRR 的绝对主力。,处于最底层的算力供给层。它提供的是“跑代码”的物理及虚拟资源，完全不干涉也无法解决应用层软件“代码爆炸”和架构复杂度飙升的问题。,提供模型托管的基础设施和云原生环境，能够承载 AI 推理过程。但在高附加值的 MLOps 工具链和精细化的 AI 模型资产管理上壁垒较弱，属于资源型统管而非软件型统管。,"结论
   部分符合。 指标线性促进明显，但财务韧性（利润率维持能力）相比美股SaaS巨头稍显脆弱。",**基础设施层的算力虹吸效应。** AI Coding 和 LLM 爆发的最直接结果是模型训练与推理消耗呈指数级上升。在这个链条中，卖铲子（IaaS）是确定性最高的获益方。,长尾 SaaS 客户的流失风险。AI Coding 使得轻量级软件可以更高效地运行在 Serverless 或去中心化网络上，部分降低了对传统重资产 IaaS 集群的依赖；此外，代码生成效率的提升加剧了云服务商之间 API 接口的无缝迁移能力，进一步削弱了云厂商的客户黏性，容易陷入单纯的算力价格战。,**2026 年 3 月 25 日**发布 Q4 2025 财报。营收达 27.61 亿元人民币（同比增长 24%）。**核心佐证：AI 业务总账单量达到 9.26 亿元人民币，同比飙升 95%，占公有云收入的 49%。** 调整后 EBITDA 利润率升至 28%。目前股价为 15.87 美元。基本面的强劲修复直接受益于 AI 需求的落地。,"8/10（利好）**
明确的 AI 基础设施受益者，且已在财报账单层面实现了近乎翻倍的验证。

---","业务： 云基础架构服务（IaaS/PaaS）。
   模型： 资源租赁/按量付费。
   指标： 计算资源（GPU/CPU）使用率、存储量。","判定：显著增加。
   金山云作为小米生态及金山办公（WPS AI）的底层支撑，直接受益于大模型训练和推理带来的算力缺口。只要金山办公的AI用户用量增加，金山云的底层计算当量就会线性增长。",较低（存在挑战）。 虽然用量激增，但国内云服务市场竞争极度白热化，且资本开支（Capex）巨大。Non-GAAP毛利率虽在改善，但能否在算力昂贵的背景下保持稳健存在变数。,符合,1
ADSK,"Autodesk, Inc.",Other Software,-14.73%,不符合,7.0,计算机辅助设计 (CAD) 和建筑信息模型 (BIM) 软件。主要面向建筑、工程和施工 (AEC) 行业的专业人士。解决物理空间极度复杂的数字化建模、力学仿真与合规工程制图问题。,绝大部分收入来自严格的记名用户订阅（Named-user subscriptions）。尽管设有 Flex（基于代币的按需计费），但这针对的是低频长尾用户，且计费因子是“使用时长/天数”，而非 AI 生成的模型数量或工程数据量。,"高度依赖年度订阅费用的周期性提价，以及从基础 CAD 软件向高端垂直行业软件（如 Revit, Maya）的升级，与客户单点算力用量的关联度极低。",其内部 AI（如 Forma 衍生设计引擎）解决的是建筑工程、制造业的设计试错效率问题，不涉及广义的软件代码爆炸或底层基础设施运维管理。,沉淀了极具护城河的工业、建筑和工程数据集（BIM 数据），这是其训练垂直行业模型的核心资产，但不涉及为客户提供管理自有 AI 模型的平台工具。,"结论
不符合。",工业和建筑设计包含海量的参数化合规标准。AI Coding 能够帮助工程师极其高效地编写自动化脚本（如通过 AutoLISP 接口），将重复性的管线布置、材料算量实现秒级自动化，极大提升工业软件的使用深度和不可替代性。,长远来看，如果 AI 模型能够直接将自然语言需求转化为结构化的 3D 建筑底层代码和工程图纸，可能会直接减少工程设计院对初级制图员（Draftsman）的招聘需求，从而削减 Autodesk 的 License 销售总量。,截至美东时间 2026年5月8日 12:19，股价为 244.87 美元。2026 年 2 月 26 日发布的 Q4 财报显示，EPS 为 2.85 美元（超预期 0.21 美元），营收 19.6 亿美元（同比增长 19.4%）。关于 AI Coding 是否在当期财报中影响了公司业绩表现：**缺乏足量的事实数据进行确切归因**。其基本面维持强劲，工业软件受 AI 冲击的速度远低于通用软件。,"7/10**。（工程物理法则具有强容错边界限制，AI 很难在短期内完全取代严谨的工业制图系统，防御性较好）。
---",核心业务是面向工程、建筑、制造行业的 3D CAD/CAM 专业软件（如 AutoCAD、Revit、Maya）。收入模型高度依赖企业客户的坐席订阅（Seat-based Subscription）以及少量面向偶尔使用者的弹性代币（Flex Tokens）。核心业务指标为 ARR 和坐席续约留存率。,根据 2026 年 4 月花旗银行（Citi）及德意志银行（Deutsche Bank）相继将其评级降至中性及下调目标价的研报指出，Autodesk 的增长驱动更多来自内部销售模型（Transaction Model）的重构与提价，而非 AI。建筑师和结构工程师使用该软件是受项目工期主导的。即便 AI 能够自动生成建筑排版或优化承重计算，这只是缩短了单次任务的耗时。全球工程项目的总数和专业设计师的总量是相对平稳的宏观变量，企业客户绝对不会因为大模型底层的计算量猛增，就呈几何级倍数去增购 AutoCAD 的坐席。,凭借在工业设计领域的极高准入壁垒与垄断地位，Autodesk 能够通过定期的产品提价来覆盖其集成 AI 能力的研发和推理成本。其 Non-GAAP 毛利率具备极强的抗冲击能力，但这种韧性源于定价权，而非成本与用量的结构性对冲。,不符合,0
MBLY,Mobileye Global Inc.,Other Software,-18.17%,不符合,2.0,主营高级驾驶辅助系统（ADAS）及自动驾驶技术，面向全球汽车 OEM 厂商。通过基于规则的计算机视觉算法和 EyeQ 系列 SoC 芯片，解决车辆的感知、建图与决策问题。,非 Consumption-based。主要采用硬件芯片及系统的 Per-unit 模式定价（按出货的 EyeQ SoC 或单车智驾系统收费）。计费不随车辆日均行驶里程或传感器实时处理的数据流激增而产生经常性收入（SaaS 属性弱）。,其业务扩张与 SaaS 的 NRR 逻辑不同，收入核心驱动力是汽车 OEM 的设计定点（Design Wins）以及对应量产车型的周期性出货量。,属于垂直领域的边缘 AI。解决的是车辆视觉感知与自动驾驶规控痛点，与泛企业 IT 环境下的软件代码复杂化毫无交集。,深度管理和运行自身的专有闭环 AI 模型（软硬一体的黑盒方案），但完全不具备面向第三方开发者或企业提供 AI 资产/推理管理能力的通用平台属性。,"结论
   不符合。 业务本质是硬件和软件授权，而非随AI用量增长的消费模型。",提升内部仿真与模型迭代效率。AI 辅助代码生成可帮助其工程师更快速地搭建海量边缘测试场景，优化其软件定义汽车（SDV）架构下的中间件代码。,**技术路线被降维打击。** AI Coding 的爆发极大地加速了“端到端（End-to-End）AI 自动驾驶”架构的工程化落地。过去，车企需要 Mobileye 提供数十万行人工编写的启发式感知代码（Heuristics）；现在，利用先进的 AI 工具与大模型，车企内部团队更容易构建从摄像头输入直接输出转向/刹车指令的神经网络，彻底绕开 Mobileye 传统的软硬一体黑盒方案。,**2026 年 4 月 23 日**发布 Q1 2026 财报。虽然营收 5.58 亿美元（同比增长 27%），但**爆出了高达 37.88 亿美元的非现金商誉减值（Goodwill Impairment）**。官方给出的理由是自 2017 年英特尔收购以来市值的持续下跌及宏观不确定性。目前股价仅为 8.94 美元（较 52 周高点 20.18 美元腰斩）。这一巨额减值从资产负债表层面彻底坐实了其核心技术护城河（旧日商誉）在全新 AI 范式下的迅速贬值。,"2/10（极端偏空）**
面临架构层面的路线危机，车企自研门槛的降低对其商业模式构成了致命威胁。

---","业务： 自动驾驶视觉芯片及系统（ADAS）。
   模型： 按硬件套件付费（Per-car unit price）。
   指标： 出货量（Volumes）。","判定：几乎不变。
   虽然自动驾驶底层技术正向“端到端大模型”演进，但MBLY的收入并不随车辆“跑了多少路”或“调用了多少次模型”而增加。它卖的是License和芯片，每辆车只付一次钱。LLM的火热增加了研发成本，但在单车收入模型上没有质的变化。",稳定但无爆发性。 硬件毛利相对固定，受制于汽车工业的供应链压力。,不符合,0
NTNX,"Nutanix, Inc.",Other Software,-9.09%,不符合,7.0,主营混合多云计算平台（超融合架构 HCI），面向大中型企业。通过软件抽象层，将计算、存储和网络整合，解决企业在私有云与公有云之间切换、管理及运维的复杂性问题。,并非纯粹的按量计费（Consumption-based）。主要基于 CPU 核心数或节点数（Node/Core-based）的定期订阅制（ACV）。客户每天的 AI Token 或数据处理量飙升，并不会立即转化为当月的账单增量，除非客户购买新的服务器节点进行集群扩容。,其出色的 NRR（稳定在 110% 左右）主要源自存量客户在续约周期的集群物理扩容，以及增购数据库管理、统一存储等附加模块，而非 API 调用或并发数据的实时爆发。,"核心卡位为超融合基础设施（HCI），旨在简化私有云和混合云的 IT 基础架构。虽然推出了 ""GPT-in-a-Box"" 帮助企业在本地快速部署 AI，但其本质是解决硬件抽象和环境搭建痛点，而非监控或优化微服务和代码执行层面的复杂性。",具备在本地节点编排和初始化 AI 运行环境的能力，但其处于 IaaS/虚拟化层，主要管理虚拟机和容器，尚未深度介入 AI 模型权重（Weights）的精细化版本控制或 MLOps 核心生命周期管理。,"结论
   符合。 它是企业私有化AI浪潮下的“铲子股”，业务指标随AI应用在企业侧的落地而扩张，且利润率极高。",**数据主权与私有化部署需求。** 随着企业大量使用 AI Coding 及内部代码库训练垂直模型，防止核心业务代码或商业机密泄露成为第一要务。这促使企业将 AI 相关的核心负载从公有云回迁至私有云或混合云环境，直接扩大了 Nutanix 平台的应用场景。,运维自动化的平权。Nutanix 的卖点之一是极简的 IT 运维界面。如果未来的 AI Agent 能够通过自动生成脚本，完美、无错地直接管理原生的异构公有云环境，那么企业支付给 Nutanix 这一层“抽象税”的意愿将会大幅降低。,**2026 年 2 月 25 日**发布 Q2 2026 财报。营收达 7.22 亿美元（同比增长 10.4%），EPS 0.56 美元（超出分析师预期的 0.44 美元）。目前股价 45.12 美元，维持在健康的高位区间，市盈率（P/E）约为 49 倍。财报的稳健表现表明，在 AI 浪潮下，大型企业在复杂云环境中的混合部署需求仍然具备极强的粘性，未出现因 AI 冲击导致的退订潮。,"7/10（偏利好）**
基本面抗周期能力强，短期内 AI 数据隐私保护的需求带来的增量大于运维自动化带来的长期潜在威胁。","业务： 超融合架构（HCI）与混合多云软件。
   模型： 现已全面转型为年度订阅制（ACV）。
   指标： 管理的节点规模/存储容量。","判定：明显增加。
   
   为了保护隐私，许多企业选择在本地数据中心部署私有化大模型（GPT-in-a-box）。NTNX提供的正是这种“开箱即用”的私有云基础架构。随着企业AI工作负载（Workloads）的增加，企业需要购买更多的节点和订阅授权来支撑这些高密度的AI算力，核心指标与企业AI项目的渗透率线性相关。",极强。 纯软件模式，Non-GAAP毛利率常年维持在80%以上。随着规模扩大，其运营杠杆非常明显。,符合,1
ADBE,ADOBE INC.,Other Software,-24.08%,不符合,6.0,"数字媒体创意软件（Photoshop, Premiere）与数字体验管理平台。面向专业设计师、市场营销人员和大型企业。通过图形图像算法解决视觉资产创造、编辑和数字营销工作流管理问题。",核心收入基本盘是完全的座席订阅制（Creative Cloud）。虽然在其 Firefly 架构中引入了“生成点数”（Generative Credits）的消耗机制，但属于混合变现模式，核心仍受制于专业设计师的人数天花板。,增长主要来自用户向更高层级的全家桶订阅转化以及企业端座席的扩张。AI 使得普通人能产出专业内容，短期内扩大了用户漏斗，但中长期存在企业缩减专业设计师座席的风险。,解决的是“创意内容资产（图像、视频、矢量图）生成”的痛点，与 IT 系统的代码复杂性或运维监控毫无交集。,作为全球最大的数字资产管理与创作者平台之一，它拥有海量的版权训练数据和专有模型（Firefly），但其资产范畴局限于数字创意文件，而非底层的 AI 工程化基础设施。,"结论
不符合。",代码能力的跃升不仅使得 Adobe 能够以更低成本快速重构其庞大的传统产品线，还能将其转化为自动化工作流。企业用户可以利用 AI 快速编写复杂的宏脚本 (Macros) 和自定义插件，增强了 Adobe 生态系统的客户粘性（其 2025 财年报告强调 AI 影响的 ARR 已占总业务三分之一以上）。,AI 编程能力的普及加速了新兴竞争对手的涌现。前端工程师和营销人员甚至可以通过 AI 直接生成 UI/UX 代码并导出成品，这使得一部分原本需要依赖 Adobe 软件进行高保真原型设计的环节被直接跳过，对核心产品按“专业席位”收费的模式构成挤压。,截至 2026 年 5 月初，股价徘徊在 240 美元附近（过去一年收益率录得 -32%）。近期（2026 年 4 月）市场分析指出其正面临 Google Gemini 等工具激烈竞争的压力。关于过去半年大跌是否由代码生成 AI 直接造成：**缺乏足量的事实数据进行确切归因**。下跌系市场对多模态 AI (如 Sora、Midjourney) 降低创意软件护城河的整体担忧，而非单一代码 AI 所致。,"6/10**。（平台护城河足够深，但估值倍数正在被 AI 降维竞争的叙事持续压缩）。
---",公司的核心业务是提供创意设计软件（Creative Cloud）及数字文档处理系统（Document Cloud）。收入模型是纯粹的 SaaS（软件即服务）按月/年收取的“坐席订阅费”。核心指标是年度经常性收入（ARR）、净收入留存率（NRR）以及新增活跃订阅用户数。,尽管 Adobe 推出了基于大模型的 Firefly AI Assistant，但在 2026 年 4 月底，瑞穗（Mizuho）出于对 AI 降低创意门槛、加剧专业/中小企业级市场竞争的担忧，将其评级下调至中性（目标价降至 270 美元）。从商业逻辑看，Adobe 虽然引入了“生成点数（Generative Credits）”机制，但绝大多数收入依然被框定在固定的坐席订阅费上限内。人类设计师的工作流属性决定了其生成图像的动作是间歇性的，无法像云安全或性能监控系统（如 DDOG）那样进行 24 小时不间断的机器级并发 API 调用。大模型用量的增加只能视作维持 NRR 的防御手段，无法成为打破 ARR 增长天花板的指数级引擎。,Adobe 历史毛利率极高（约 89%）。但在海量用户高频调用生成式 AI 的背景下，绝对算力成本的上升不可忽视。由于无法做到纯粹的“按量计费”，其 Non-GAAP 毛利率在极端用量下只能勉强维持或轻微承压，难以实现利润率随用量扩张的良性循环。,不符合,0
CLBT,Cellebrite DI Ltd.,Other Software,-23.65%,不符合,5.0,数字情报（DI）和数据提取取证软件。面向全球执法机构、政府情报部门及企业合规部。解决从加密的移动设备、云端中合法提取、解密和分析涉案数据的问题。,主要采用软硬件结合的订阅模式及长期授权（按部署规模、实验室节点或终端设备计费）。并非按分析的数据量（TB 级别）或 AI 调用的 API 次数进行 Consumption-based 计费。,得益于全球政府和执法机构（LEAs）对高级数字取证工具的需求，其 NRR 的增长依靠向客户追加销售高阶分析工具（如 Pathfinder）及横向扩大在各警局的部署节点。,解决的是调查取证中的“海量数据筛查”痛点——利用 AI 快速识别涉案手机中的人脸、特定文字或非法图像。这与现代软件工程的系统复杂性及大语言模型代码爆炸完全属于不同的业务领域。,提供闭环的取证与分析设备，处理高度敏感的数据，但不面向开发者提供 AI 模型（Weights/Artifacts）的托管或微调服务。,"结论
不符合。",数据取证的本质是逆向工程与数据挖掘。AI 代码大模型可以帮助 Cellebrite 的研发团队更快速地编写针对新型操作系统的解析脚本，并在海量设备日志中利用 AI 自动化定位关键证据，提升结案效率。,这是经典的“攻防军备竞赛”逻辑。AI 编程的爆发意味着犯罪组织、黑客可以以极低的成本，生成高度复杂且频繁变异的端到端加密应用或反取证代码。这将极大推高 Cellebrite 的研发成本和破解技术壁垒，长期挤压其利润空间。,截至美东时间 2026年5月7日，股价为 13.76 美元（自 2026 年初超 20 美元的高点有明显回落）。预计于 5 月 14 日发布最新财报。关于本轮股价回落是否确切系 AI 赋能黑客导致了业绩受损：**缺乏足量的事实数据进行确切归因**。,5/10**。（业务刚需仍在，但黑产技术门槛的降低将导致网络安全取证业务的底层成本呈现指数级上升预期）。,公司的核心业务是为全球执法机构、政府部门及企业情报机构提供数字取证（Digital Intelligence）解决方案，用于从移动设备提取和分析数据。收入模型为 G 端/B 端基于实验室或终端用户的软件期限授权订阅。核心业务指标是 ARR 及客户全生命周期价值。,参考 Needham 于 2026 年 2 月将其目标价下调至 18 美元等机构动作，其业务天花板受制于政府预算周期。在实际的电子取证流程中，引入 AI（如通过大语言模型快速梳理数万条聊天记录）确实能大幅降低案情分析的时间成本。然而，各地的犯罪率、执法案件发生频次以及警务部门的编制是固定的。AI 的底层数据吞吐量再大，也无法凭空制造出更多需要购买情报订阅的“警察坐席”或“案件数量”。其使用频次不可能像互联网流量或企业云原生微服务那样出现爆发式增长。,该行业对价格不敏感且软件具备高机密门槛，通常能维持在 80% 左右的毛利率水平。相比图像与视频生成，文本级别的检索和数据清洗带来的 AI 算力成本处于可控范围内。因此，即使调查人员更频繁地使用 AI 总结功能，其毛利率依然可以较好地维持。,不符合,0
DUOL,"Duolingo, Inc.",Other Software,-38.81%,不符合,4.0,主营面向 C 端用户的语言学习平台与标准化测试（DET）。核心技术是通过游戏化的微学习机制、基于机器学习的自适应算法（Bandit Algorithm）以及大语言模型，解决用户在语言学习中的“留存率/抗拒心理”以及昂贵的一对一辅导成本问题。,并非 Consumption-based。其商业模式为 B2C 的 Freemium 与固定费率的订阅制（如 Super 或包含 AI 角色扮演功能的 Max 层级）。计费因子按“账户时长”（月/年）收费，不随用户的交互次数或大模型生成的数据量（Token）线性增长。,NRR 及收入的增长主要来自于免费用户的转化率提升（Conversion）、订阅留存率优化以及家庭版等基础盘的扩大，而非单客户数据流转量的爆发。,作为 C 端语言学习应用，其核心是利用大语言模型提供内容生成与教学交互，并未切入企业级 IT 市场，不解决 B 端“代码爆炸”或“系统复杂性剧增”的痛点。,主要在内部调用外部大模型 API（如 OpenAI），并不具备面向第三方提供 AI 模型（Weights/Artifacts）生命周期管理或推理过程编排的 PaaS 能力。,"结论
   不符合。 业务核心指标受限于人类个体的学习时长，而非随LLM算力消耗线性增长。",提升内部功能交付效率。AI Coding 帮助 Duolingo 的工程师团队以前所未有的速度测试和部署新的产品功能（如 AI 角色对话、错题解析）。,**护城河被技术平权瓦解。** AI Coding 极大地降低了软件开发门槛。当少数几名开发者借助 Anthropic 的工具加上开源的语音交互 API，就能在极短时间内开发出具备定制化辅导功能的语言学习 App 时，Duolingo 的内容壁垒将面临长尾竞品的无限围剿。,**2026 年 5 月 4 日**发布 Q1 2026 财报。营收 2.92 亿美元，EPS 0.89 美元（超预期的 0.76 美元）。尽管业绩超预期且 DAU 同比增长 21%，但公司预计年内毛利率将从 71% 降至 69%（受 AI 功能扩展成本拖累）。目前股价为 109.78 美元，较 52 周高点（544.93 美元）暴跌近 77%。这直接佐证了市场在计价 AI 对其终局业务形态的替代风险，而非当前的财务疲软。,"4/10（偏空）**
当前的盈利能力掩盖了终端商业模式的脆弱性，技术壁垒正被快速拉平。

---","业务： 全球最大的在线语言学习平台。
   模型： 典型的“免费增值（Freemium）”模式，主要收入来自订阅（Subscription）。
   指标： 核心指标是 DAU/MAU 及其向付费用户的转化率。","判定：几乎不变/负相关。
   虽然DUOL推出了搭载GPT-4的“Duolingo Max”套餐，但其本质仍是内容驱动的订阅制。LLM虽提升了用户体验（如角色扮演、解释错误），但用户的学习总时长受生理限制。LLM用量的增加并不会让用户订阅更多份服务，反而因为LLM API的高昂成本，可能在模型初期对利润有边际压力。",中等。 其Non-GAAP毛利率极高（80%+），但随着AI功能从“溢价项”变为“基础项”，API成本的增加可能会挤压利润空间，除非其自研模型能有效降低推理成本。,不符合,0
