ticker,company_name,board_latest_price,matched_industry_boards,matched_concept_boards,industry_match_count,concept_match_count,candidate_sources,revenue,revenue_yoy,net_profit,net_profit_yoy,roe,operating_cashflow_ps,gross_margin,industry_name,notice_date,industry_gross_margin_median,is_mainland_a_share,name_ok,theme_match_ok,revenue_yoy_ok,gross_margin_ok,operating_cashflow_ok,prefilter_passed,latest_close,avg_turnover_20d,suspension_days_60,limit_like_days_120,price_ok,avg_turnover_ok,suspension_ok,limit_move_ok,history_passed,deduped_net_profit_yoy,asset_liability_ratio,abstract_report_date,rnd_ratio,deduped_net_profit_yoy_ok,asset_liability_ok,rnd_ratio_ok,final_passed,failure_reasons
300209,行云科技,25.8,垂直应用软件、计算机、软件开发,,3,0,industry_board、report_industry,111975613.36,397.8617596356,-22036384.63,-12845.4,-2.43,-0.402938721727,7.0749635588,软件开发,2026-04-29,44.6628577311,True,True,True,True,True,True,True,,,,,True,True,True,True,True,3631.4421942427343,41.698034,20260331,,True,True,True,True,
688692,达梦数据,261.19,垂直应用软件、计算机、软件开发,,3,0,industry_board、report_industry,410656134.83,59.0911831245,151414135.57,54.25,4.01,-1.109561451607,96.5640084944,软件开发,2026-04-25,44.6628577311,True,True,True,True,True,True,True,,,,,True,True,True,True,True,57.27204701057431,9.32144,20260331,,True,True,True,True,
300033,同花顺,224.76,垂直应用软件、计算机、软件开发,,3,0,industry_board、report_industry,1053494727.58,40.8063039587,255938418.37,112.58,2.67,1.560311571652,84.9881132378,软件开发,2026-04-23,44.6628577311,True,True,True,True,True,True,True,,,,,True,True,True,True,True,122.58042415069741,60.803077,20260331,,True,True,True,True,
688292,浩瀚深度,23.7,其他计算机设备、计算机、计算机设备,,3,0,industry_board、report_industry,59040577.19,28.2956727817,-27904006.24,-260.32,-2.74,-0.249575097594,56.3623493092,计算机设备,2026-04-29,32.1373908156,True,True,True,True,True,True,True,,,,,True,True,True,True,True,238.3143225547847,33.934721,20260331,,True,True,True,True,
002376,新北洋,7.06,其他计算机设备、计算机、计算机设备,,3,0,industry_board、report_industry,635045557.17,28.0211226409,9391464.29,90.73,0.25,-0.024803116408,24.8728662734,计算机设备,2026-04-24,32.1373908156,True,True,True,True,True,True,True,,,,,True,True,True,True,True,98.10556001080168,33.006292,20260331,,True,True,True,True,
688615,合合信息,143.5,垂直应用软件、计算机、软件开发,,3,0,industry_board、report_industry,503725382.48,27.5266277496,155248167.62,33.67,5.16,1.364566290857,87.5827612474,软件开发,2026-04-30,44.6628577311,True,True,True,True,True,True,True,,,,,True,True,True,True,True,25.397785051787846,24.08743,20260331,,True,True,True,True,
300531,优博讯,20.45,其他计算机设备、计算机、计算机设备,,3,0,industry_board、report_industry,447862664.76,26.9301173735,43203002.43,103.77,3.32,-0.733764178136,26.4508929257,计算机设备,2026-04-28,32.1373908156,True,True,True,True,True,True,True,,,,,True,True,True,True,True,115.35769402101015,43.932041,20260331,,True,True,True,True,
300542,新晨科技,15.7,垂直应用软件、计算机、软件开发,,3,0,industry_board、report_industry,157347923.2,26.5771773941,-17365079.68,-177.25,-3.2,-0.730270588248,16.0646913769,软件开发,2026-04-29,44.6628577311,True,True,True,True,True,True,True,,,,,True,True,True,True,True,158.85460139199554,58.826392,20260331,,True,True,True,True,
300845,捷安高科,15.11,其他计算机设备、计算机、计算机设备,,3,0,industry_board、report_industry,30912142.5,24.1078329222,-13932010.74,-105.02,-1.68,-0.318419925881,34.8262123533,计算机设备,2026-04-24,32.1373908156,True,True,True,True,True,True,True,,,,,True,True,True,True,True,91.74635433939025,21.193738,20260331,,True,True,True,True,
688111,金山办公,251.48,横向通用软件、计算机、软件开发,,3,0,industry_board、report_industry,1613223593.44,23.954024903,2195163937.16,444.97,15.7,0.128901557416,86.5936512254,软件开发,2026-04-24,44.6628577311,True,True,True,True,True,True,True,,,,,True,True,True,True,True,456.9089393115599,25.163354,20260331,,True,True,True,True,
603019,中科曙光,96.76,其他计算机设备、计算机、计算机设备,,3,0,industry_board、report_industry,3199430492.82,23.7100491767,227843919.03,22.19,1.02,-0.950504861275,26.5575244168,计算机设备,2026-04-25,32.1373908156,True,True,True,True,True,True,True,,,,,True,True,True,True,True,53.29621164866896,41.135335,20260331,,True,True,True,True,
002869,金溢科技,19.34,其他计算机设备、计算机、计算机设备,,3,0,industry_board、report_industry,102466567.73,22.1490755447,-25217991.83,-260.75,-1.24,-0.262654097413,27.2459745637,计算机设备,2026-04-28,32.1373908156,True,True,True,True,True,True,True,,,,,True,True,True,True,True,126.73547773435124,17.311415,20260331,,True,True,True,True,
002912,中新赛克,23.57,其他计算机设备、计算机、计算机设备,,3,0,industry_board、report_industry,101777432.82,21.7610358639,-82027499.58,-107.25,-4.9,-0.500548251382,41.9960672083,计算机设备,2026-04-28,32.1373908156,True,True,True,True,True,True,True,,,,,True,True,True,True,True,94.34364852277423,21.824663,20260331,,True,True,True,True,
301608,博实结,100.05,其他计算机设备、计算机、计算机设备,,3,0,industry_board、report_industry,418161767.32,20.3286297894,55103121.14,36.72,2.51,-0.05856846331,24.538936127,计算机设备,2026-04-21,32.1373908156,True,True,True,True,True,True,True,,,,,True,True,True,True,True,51.61217817964345,24.04107,20260331,,True,True,True,True,
300348,长亮科技,11.54,垂直应用软件、计算机、软件开发,,3,0,industry_board、report_industry,345589757.88,16.1901710332,-38385705.02,-1383.0,-1.8,-0.387865811926,26.2903623439,软件开发,2026-04-25,44.6628577311,True,True,True,True,True,True,True,,,,,True,True,True,True,True,729.1498382205741,27.191323,20260331,,True,True,True,True,
688011,新光光电,66.22,军工电子Ⅱ、军工电子Ⅲ,,2,0,industry_board、report_industry,36217040.71,358.1748824399,-15405016.36,-28.4634490667,-1.46,-0.1820716306,13.4282215903,军工电子Ⅱ,2026-04-24,32.853258762050004,True,True,True,True,True,True,True,,,,,True,True,True,True,True,11.62653612217417,14.29386,20260331,,True,True,True,True,
688809,强一股份,453.49,半导体、半导体材料,,2,0,industry_board、report_industry,284828466.1,229.3946579078,112012161.97,697.6,2.72,0.53901752873,64.5351443825,半导体,2026-04-27,32.2948328539,True,True,True,True,True,True,True,,,,,True,True,True,True,True,782.9935774703588,8.381394,20260331,,True,True,True,True,
300308,中际旭创,1056.0,通信网络设备及器件、通信设备,,2,0,industry_board、report_industry,19496398083.95,192.1169094233,5734501526.83,262.28,17.54,3.030796606962,46.0581330258,通信设备,2026-04-17,26.4444989384,True,True,True,True,True,True,True,,,,,True,True,True,True,True,264.5627377074043,32.636185,20260331,,True,True,True,True,
600641,先导基电,30.32,半导体、半导体材料,,2,0,industry_board、report_industry,535169140.32,178.168309632,-16902064.07,17.4936509098,-0.21,0.034337669447,18.498741839,半导体,2026-04-30,32.2948328539,True,True,True,True,True,True,True,,,,,True,True,True,True,True,347.95934801733586,31.229254,20260331,,True,True,True,True,
688290,景业智能,69.65,机器人、自动化设备,,2,0,industry_board、report_industry,57982435.04,169.2373144724,-7746821.04,28.75,-0.58,-0.539038523975,23.0214321816,自动化设备,2026-04-20,29.231632947549997,True,True,True,True,True,True,True,,,,,True,True,True,True,True,10.802867292720508,25.706766,20260331,,True,True,True,True,
688535,华海诚科,142.53,半导体、半导体材料,,2,0,industry_board、report_industry,222757165.09,165.5839765549,13527145.24,87.65,0.62,-0.243896427932,28.5784817536,半导体,2026-04-28,32.2948328539,True,True,True,True,True,True,True,,,,,True,True,True,True,True,101.24722042734456,28.608855,20260331,,True,True,True,True,
605289,罗曼股份,158.0,专业工程、其他专业工程,,2,0,industry_board、report_industry,384868981.62,113.4642937299,46529340.05,222.75,3.47,1.501076118249,29.4894663847,专业工程,2026-04-28,14.9336793198,True,True,True,True,True,True,True,,,,,True,True,True,True,True,221.9368722020153,50.47444,20260331,,True,True,True,True,
688630,芯碁微装,263.88,专用设备、其他专用设备,,2,0,industry_board、report_industry,514721784.95,112.4815452402,108392641.7,108.98,4.59,1.249134650521,40.9441747158,专用设备,2026-04-30,26.2122886368,True,True,True,True,True,True,True,,,,,True,True,True,True,True,104.34137886397616,29.114137,20260331,,True,True,True,True,
300502,新易盛,608.81,通信网络设备及器件、通信设备,,2,0,industry_board、report_industry,8337902040.74,105.759481459,2780222960.23,76.8,14.52,0.688194112089,49.1609551491,通信设备,2026-04-24,26.4444989384,True,True,True,True,True,True,True,,,,,True,True,True,True,True,76.44241010646698,31.034979,20260331,,True,True,True,True,
301200,大族数控,213.94,专用设备、其他专用设备,,2,0,industry_board、report_industry,1955152850.95,103.6938649546,322917809.55,176.53,3.74,-1.335246229214,33.1220107459,专用设备,2026-04-21,26.2122886368,True,True,True,True,True,True,True,,,,,True,True,True,True,True,197.9360700673271,29.538571,20260331,,True,True,True,True,
300590,移为通信,14.9,通信终端及配件、通信设备,,2,0,industry_board、report_industry,312463864.69,99.2691105608,51929933.23,430.64,2.79,-0.04734511231,40.8150361151,通信设备,2026-04-23,26.4444989384,True,True,True,True,True,True,True,,,,,True,True,True,True,True,604.052611711381,14.746295,20260331,,True,True,True,True,
688683,莱尔科技,43.53,电子化学品Ⅱ、电子化学品Ⅲ,,2,0,industry_board、report_industry,312943777.2,89.3833356959,13989622.71,31.28,1.17,0.057026017363,17.3676672744,电子化学品Ⅱ,2026-04-29,29.6474506561,True,True,True,True,True,True,True,,,,,True,True,True,True,True,56.734559643715585,35.531638,20260331,,True,True,True,True,
301326,捷邦科技,174.12,消费电子、消费电子零部件及组装,,2,0,industry_board、report_industry,308668296.8,86.3272130081,-14931258.27,-32.79,-1.2,0.107607341207,28.4689393796,消费电子,2026-04-29,19.0739920456,True,True,True,True,True,True,True,,,,,True,True,True,True,True,22.514862972906148,46.177489,20260331,,True,True,True,True,
002414,高德红外,13.78,军工电子Ⅱ、军工电子Ⅲ,,2,0,industry_board、report_industry,1245942950.66,83.0223888938,365901530.75,337.96,5.06,-0.025831353116,62.5699755071,军工电子Ⅱ,2026-04-21,32.853258762050004,True,True,True,True,True,True,True,,,,,True,True,True,True,True,430.6852896953581,34.469685,20260331,,True,True,True,True,
301563,云汉芯城,167.69,其他电子Ⅱ、其他电子Ⅲ,,2,0,industry_board、report_industry,1148806195.8,79.4576091025,51625345.41,152.0,4.16,-2.926557252762,15.4180616389,其他电子Ⅱ,2026-04-15,19.1533566637,True,True,True,True,True,True,True,,,,,True,True,True,True,True,181.77286032000285,41.101557,20260331,,True,True,True,True,
300615,欣天科技,14.83,通信终端及配件、通信设备,,2,0,industry_board、report_industry,142620732.28,79.3985731201,-33632114.88,-789.84,-6.89,-0.122845996206,19.8974832876,通信设备,2026-04-24,26.4444989384,True,True,True,True,True,True,True,,,,,True,True,True,True,True,642.8386921586172,48.834643,20260331,,True,True,True,True,
003031,中瓷电子,162.3,通信终端及配件、通信设备,,2,0,industry_board、report_industry,1099043302.94,79.0482462492,193303413.2,57.32,2.97,0.835784009297,30.5498263018,通信设备,2026-04-29,26.4444989384,True,True,True,True,True,True,True,,,,,True,True,True,True,True,66.9687017281076,21.857749,20260331,,True,True,True,True,
301042,安联锐视,98.84,计算机、计算机设备,,2,0,industry_board、report_industry,177305208.18,76.8583196774,11244708.61,62.5,1.05,-1.026667877926,29.9865571665,计算机设备,2026-04-29,32.1373908156,True,True,True,True,True,True,True,,,,,True,True,True,True,True,64.06184043311085,10.400969,20260331,,True,True,True,True,
688127,蓝特光学,95.36,光学元件、光学光电子,,2,0,industry_board、report_industry,451370564.97,76.5331069804,129548549.84,184.4,5.74,0.572280296981,46.5073571765,光学光电子,2026-04-30,18.0566157497,True,True,True,True,True,True,True,,,,,True,True,True,True,True,208.41618770553785,25.721222,20260331,,True,True,True,True,
301338,凯格精机,191.02,专用设备、其他专用设备,,2,0,industry_board、report_industry,339654129.97,72.8006823723,64978454.48,95.66,3.9,0.012405059023,40.0984497088,专用设备,2026-04-28,26.2122886368,True,True,True,True,True,True,True,,,,,True,True,True,True,True,99.64936314115225,39.871773,20260331,,True,True,True,True,
688002,睿创微纳,134.41,军工电子Ⅱ、军工电子Ⅲ,,2,0,industry_board、report_industry,1944857599.91,71.124107037,478742205.72,228.31,6.85,2.0122907951,53.4040889862,军工电子Ⅱ,2026-04-28,32.853258762050004,True,True,True,True,True,True,True,,,,,True,True,True,True,True,253.59951424530936,36.072193,20260331,,True,True,True,True,
300650,太龙股份,16.38,其他电子Ⅱ、其他电子Ⅲ,,2,0,industry_board、report_industry,973472498.53,70.4295124574,7677947.98,19.45,0.61,-0.924438870006,5.0857296847,其他电子Ⅱ,2026-04-28,19.1533566637,True,True,True,True,True,True,True,,,,,True,True,True,True,True,30.116849107334232,39.243203,20260331,,True,True,True,True,
300971,博亚精工,25.05,专用设备、其他专用设备,,2,0,industry_board、report_industry,119007861.29,70.3232547822,12208338.97,641.92,1.13,0.064028428827,39.6102167697,专用设备,2026-04-23,26.2122886368,True,True,True,True,True,True,True,,,,,True,True,True,True,True,676.0745091930299,29.554253,20260331,,True,True,True,True,
688522,纳睿雷达,33.65,军工电子Ⅱ、军工电子Ⅲ,,2,0,industry_board、report_industry,98916574.19,69.9878149521,26415456.47,21.92,1.14,-0.284465803804,71.2315581559,军工电子Ⅱ,2026-04-18,32.853258762050004,True,True,True,True,True,True,True,,,,,True,True,True,True,True,25.12630092098029,12.744676,20260331,,True,True,True,True,
301213,观想科技,73.15,军工电子Ⅱ、军工电子Ⅲ,,2,0,industry_board、report_industry,29428501.63,69.7401062677,6985189.37,515.7,0.87,0.208077886351,68.5974701118,军工电子Ⅱ,2026-04-27,32.853258762050004,True,True,True,True,True,True,True,,,,,True,True,True,True,True,602.4297104796923,16.259599,20260331,,True,True,True,True,
300757,罗博特科,581.64,其他自动化设备、自动化设备,,2,0,industry_board、report_industry,163706186.81,69.3255953076,-38817952.08,-48.33,-2.35,-0.047693270465,36.3113939359,自动化设备,2026-04-29,29.231632947549997,True,True,True,True,True,True,True,,,,,True,True,True,True,True,52.71298935830404,55.420724,20260331,,True,True,True,True,
688307,中润光学,130.06,计算机、计算机设备,,2,0,industry_board、report_industry,188217025.9,67.7438770654,14899604.01,44.71,1.64,-0.141042820195,32.4673481518,计算机设备,2026-04-30,32.1373908156,True,True,True,True,True,True,True,,,,,True,True,True,True,True,40.71995297335089,36.469554,20260331,,True,True,True,True,
688215,瑞晟智能,77.46,其他自动化设备、自动化设备,,2,0,industry_board、report_industry,117262373.01,67.3419853146,8898679.05,345.59,1.82,-0.391560045822,24.9308151623,自动化设备,2026-04-25,29.231632947549997,True,True,True,True,True,True,True,,,,,True,True,True,True,True,1165.4574102305692,55.6776,20260331,,True,True,True,True,
301571,国科天成,63.95,军工电子Ⅱ、军工电子Ⅲ,,2,0,industry_board、report_industry,200051295.47,67.1346774264,24921051.98,88.62,1.21,-0.067409373456,37.6906468828,军工电子Ⅱ,2026-04-28,32.853258762050004,True,True,True,True,True,True,True,,,,,True,True,True,True,True,104.4554076840062,40.257337,20260331,,True,True,True,True,
688648,中邮科技,49.93,专用设备、其他专用设备,,2,0,industry_board、report_industry,380525719.76,66.4934863684,-30377607.68,-36.7567313977,-1.4,-0.438631222279,8.2166908612,专用设备,2026-04-29,26.2122886368,True,True,True,True,True,True,True,,,,,True,True,True,True,True,35.01417767903947,36.465274,20260331,,True,True,True,True,
301191,菲菱科思,156.01,通信终端及配件、通信设备,,2,0,industry_board、report_industry,479420004.25,65.4469395761,19175597.36,78.92,1.16,-2.458325635401,9.4621632239,通信设备,2026-04-28,26.4444989384,True,True,True,True,True,True,True,,,,,True,True,True,True,True,156.04102988335313,41.798907,20260331,,True,True,True,True,
002741,光华科技,23.06,电子化学品Ⅱ、电子化学品Ⅲ,,2,0,industry_board、report_industry,969659043.29,64.8949781245,41145073.06,63.19,2.1,-0.340312498942,15.1356182408,电子化学品Ⅱ,2026-04-15,29.6474506561,True,True,True,True,True,True,True,,,,,True,True,True,True,True,96.6182569897462,51.409295,20260331,,True,True,True,True,
301128,强瑞技术,196.84,专用设备、其他专用设备,,2,0,industry_board、report_industry,515938891.9,62.9248498019,14692894.14,22.84,1.59,-0.315973041321,32.1258726086,专用设备,2026-04-27,26.2122886368,True,True,True,True,True,True,True,,,,,True,True,True,True,True,39.69479600683694,55.603273,20260331,,True,True,True,True,
301086,鸿富瀚,238.0,消费电子、消费电子零部件及组装,,2,0,industry_board、report_industry,282087477.37,62.7503472154,38830262.15,107.74,1.97,-6.363086973778,38.1162062962,消费电子,2026-04-28,19.0739920456,True,True,True,True,True,True,True,,,,,True,True,True,True,True,106.40345718991222,56.816267,20260331,,True,True,True,True,
301031,中熔电气,174.21,其他电子Ⅱ、其他电子Ⅲ,,2,0,industry_board、report_industry,631561167.06,61.92163638,113871411.72,87.43,7.31,0.443254859418,35.8881088296,其他电子Ⅱ,2026-04-25,19.1533566637,True,True,True,True,True,True,True,,,,,True,True,True,True,True,83.15999943151189,53.773042,20260331,,True,True,True,True,
300620,光库科技,272.08,通信网络设备及器件、通信设备,,2,0,industry_board、report_industry,426465402.22,60.7961025465,44736399.48,312.52,2.05,-0.136090476887,36.6330601678,通信设备,2026-04-23,26.4444989384,True,True,True,True,True,True,True,,,,,True,True,True,True,True,561.0453930745464,42.000488,20260331,,True,True,True,True,
688678,福立旺,25.66,消费电子、消费电子零部件及组装,,2,0,industry_board、report_industry,540307903.22,59.6263603687,45522268.88,223.03,2.39,0.620240972616,27.7254134573,消费电子,2026-04-30,19.0739920456,True,True,True,True,True,True,True,,,,,True,True,True,True,True,304.59612301852746,44.766697,20260331,,True,True,True,True,
601138,工业富联,65.97,消费电子、消费电子零部件及组装,,2,0,industry_board、report_industry,251078078000.0,56.5177808658,10594857000.0,102.55,6.18,1.261031628047,7.3505079165,消费电子,2026-04-29,19.0739920456,True,True,True,True,True,True,True,,,,,True,True,True,True,True,109.05342416271128,61.382211,20260331,,True,True,True,True,
688629,华丰科技,129.88,军工电子Ⅱ、军工电子Ⅲ,,2,0,industry_board、report_industry,633223075.0,56.1486203819,105112635.87,230.43,5.61,0.928003699303,30.3410928242,军工电子Ⅱ,2026-04-28,32.853258762050004,True,True,True,True,True,True,True,,,,,True,True,True,True,True,322.94974586186385,51.862729,20260331,,True,True,True,True,
603076,乐惠国际,29.41,专用设备、其他专用设备,,2,0,industry_board、report_industry,321059803.61,55.7287660543,8206091.08,-8.19,0.64,-1.007923199513,21.5469696369,专用设备,2026-04-29,26.2122886368,True,True,True,True,True,True,True,,,,,True,True,True,True,True,27.45817533467685,60.652787,20260331,,True,True,True,True,
301285,鸿日达,117.64,消费电子、消费电子零部件及组装,,2,0,industry_board、report_industry,251755404.62,55.166165057,-17306081.54,-42.19,-1.82,-0.219564128756,15.4848992334,消费电子,2026-04-28,19.0739920456,True,True,True,True,True,True,True,,,,,True,True,True,True,True,27.72789134941558,52.638894,20260331,,True,True,True,True,
300442,润泽科技,102.41,通信应用增值服务、通信服务,,2,0,industry_board、report_industry,1839577854.19,53.5531800545,582229780.78,35.35,4.17,0.805126529469,46.7988138457,通信服务,2026-04-10,15.5459951305,True,True,True,True,True,True,True,,,,,True,True,True,True,True,35.91579732271608,64.970649,20260331,,True,True,True,True,
688378,奥来德,49.04,光学元件、光学光电子,,2,0,industry_board、report_industry,235108839.58,53.5496202174,80087529.5,214.86,4.36,0.831565552733,54.3342634238,光学光电子,2026-04-22,18.0566157497,True,True,True,True,True,True,True,,,,,True,True,True,True,True,337.88369099103807,25.445828,20260331,,True,True,True,True,
301606,绿联科技,80.29,品牌消费电子、消费电子,,2,0,industry_board、report_industry,2798115866.69,53.4215811928,237638095.49,58.14,6.79,-0.462613368458,39.2577590798,消费电子,2026-04-28,19.0739920456,True,True,True,True,True,True,True,,,,,True,True,True,True,True,62.72943289062138,26.223398,20260331,,True,True,True,True,
300184,力源信息,14.47,其他电子Ⅱ、其他电子Ⅲ,,2,0,industry_board、report_industry,2835270604.16,52.0051605124,137321738.46,240.58,3.24,-0.066176084337,10.8606393202,其他电子Ⅱ,2026-04-20,19.1533566637,True,True,True,True,True,True,True,,,,,True,True,True,True,True,243.31226738965643,43.434001,20260331,,True,True,True,True,
688195,腾景科技,340.98,光学元件、光学光电子,,2,0,industry_board、report_industry,171171017.57,51.1714357439,14433777.9,10.74,1.45,-0.040109392192,37.2200799262,光学光电子,2026-04-25,18.0566157497,True,True,True,True,True,True,True,,,,,True,True,True,True,True,18.506198854486257,34.142726,20260331,,True,True,True,True,
002119,康强电子,23.05,半导体、半导体材料,,2,0,industry_board、report_industry,656080602.65,49.3054336642,25467724.63,-1.74,1.84,-0.432340014869,14.5003479368,半导体,2026-04-18,32.2948328539,True,True,True,True,True,True,True,,,,,True,True,True,True,True,185.05357961772845,50.063302,20260331,,True,True,True,True,
300607,拓斯达,33.25,机器人、自动化设备,,2,0,industry_board、report_industry,537683103.36,48.5255071464,48083284.06,1147.36,1.66,-0.231234709294,32.4928933396,自动化设备,2026-04-23,29.231632947549997,True,True,True,True,True,True,True,,,,,True,True,True,True,True,2661.369699571652,49.164184,20260331,,True,True,True,True,
688531,日联科技,134.29,专用设备、其他专用设备,,2,0,industry_board、report_industry,295940563.21,48.3361917305,44153197.26,24.98,1.3,0.007062636574,42.883709196,专用设备,2026-04-29,26.2122886368,True,True,True,True,True,True,True,,,,,True,True,True,True,True,63.16720480166962,19.947124,20260331,,True,True,True,True,
000062,深圳华强,32.17,其他电子Ⅱ、其他电子Ⅲ,,2,0,industry_board、report_industry,7701131823.32,47.2777277916,200888573.83,90.28,2.95,-0.554857700025,8.0676621995,其他电子Ⅱ,2026-04-29,19.1533566637,True,True,True,True,True,True,True,,,,,True,True,True,True,True,121.12012189807145,56.992484,20260331,,True,True,True,True,
300408,三环集团,86.8,元件、被动元件,,2,0,industry_board、report_industry,2680993393.34,46.2513484871,790899567.77,48.48,3.59,0.081756075323,43.4889327966,元件,2026-04-24,20.247973137800003,True,True,True,True,True,True,True,,,,,True,True,True,True,True,60.822184866141306,17.136145,20260331,,True,True,True,True,
300968,格林精密,12.63,消费电子、消费电子零部件及组装,,2,0,industry_board、report_industry,303534660.86,46.1367506946,-45063259.68,-300.98,-2.49,0.122594852823,11.0801075451,消费电子,2026-04-25,19.0739920456,True,True,True,True,True,True,True,,,,,True,True,True,True,True,270.18133816802407,18.27778,20260331,,True,True,True,True,
300843,胜蓝股份,93.65,消费电子、消费电子零部件及组装,,2,0,industry_board、report_industry,491875184.37,46.0906195296,36061152.31,19.63,2.21,-0.269115891562,23.7024631827,消费电子,2026-04-27,19.0739920456,True,True,True,True,True,True,True,,,,,True,True,True,True,True,16.82804169343397,46.111133,20260331,,True,True,True,True,
301568,思泰克,57.91,其他自动化设备、自动化设备,,2,0,industry_board、report_industry,112421522.86,45.5563398038,26434195.01,44.18,2.5,0.275603511094,50.8792886494,自动化设备,2026-04-29,29.231632947549997,True,True,True,True,True,True,True,,,,,True,True,True,True,True,49.1421726099418,12.408324,20260331,,True,True,True,True,
301329,信音电子,26.21,消费电子、消费电子零部件及组装,,2,0,industry_board、report_industry,285307950.81,45.2665411988,28538389.92,106.66,1.81,0.181921630024,22.0347272032,消费电子,2026-04-29,19.0739920456,True,True,True,True,True,True,True,,,,,True,True,True,True,True,33.00049872936033,22.583214,20260331,,True,True,True,True,
605118,力鼎光电,44.04,计算机、计算机设备,,2,0,industry_board、report_industry,238858003.51,44.6734195468,70441851.81,23.86,4.47,0.270901071699,48.9893883272,计算机设备,2026-04-29,32.1373908156,True,True,True,True,True,True,True,,,,,True,True,True,True,True,16.92812806914652,19.31415,20260331,,True,True,True,True,
688700,东威科技,75.15,专用设备、其他专用设备,,2,0,industry_board、report_industry,305476484.0,44.4681602727,44315834.23,160.59,2.39,0.499655412596,37.2534949139,专用设备,2026-04-28,26.2122886368,True,True,True,True,True,True,True,,,,,True,True,True,True,True,165.77037788070263,49.170197,20260331,,True,True,True,True,
603083,剑桥科技,186.25,通信终端及配件、通信设备,,2,0,industry_board、report_industry,1286551914.15,43.9813087364,118328991.17,276.44,1.58,-0.622121793984,29.329155713,通信设备,2026-04-28,26.4444989384,True,True,True,True,True,True,True,,,,,True,True,True,True,True,285.8967119704686,32.006611,20260331,,True,True,True,True,
688017,绿的谐波,313.88,机器人、自动化设备,,2,0,industry_board、report_industry,140134456.3,42.9556261555,32634147.52,61.17,0.92,0.029421833918,33.6180098841,自动化设备,2026-04-23,29.231632947549997,True,True,True,True,True,True,True,,,,,True,True,True,True,True,41.57240267458873,9.443144,20260331,,True,True,True,True,
688603,天承科技,144.2,电子化学品Ⅱ、电子化学品Ⅲ,,2,0,industry_board、report_industry,144584949.48,42.4093404957,29938628.31,57.79,2.48,-0.076858176023,37.8800396978,电子化学品Ⅱ,2026-04-28,29.6474506561,True,True,True,True,True,True,True,,,,,True,True,True,True,True,67.16581067083385,9.341591,20260331,,True,True,True,True,
301489,思泉新材,239.89,电子化学品Ⅱ、电子化学品Ⅲ,,2,0,industry_board、report_industry,259839214.26,41.7353860032,26524222.02,49.67,2.45,-0.127705403383,33.5587187055,电子化学品Ⅱ,2026-04-28,29.6474506561,True,True,True,True,True,True,True,,,,,True,True,True,True,True,59.09022640668904,30.644049,20260331,,True,True,True,True,
300394,天孚通信,380.3,通信网络设备及器件、通信设备,,2,0,industry_board、report_industry,1330270175.36,40.8242783073,492218878.05,45.79,8.57,0.234465319722,56.6039337232,通信设备,2026-04-21,26.4444989384,True,True,True,True,True,True,True,,,,,True,True,True,True,True,48.44081459136529,14.253998,20260331,,True,True,True,True,
600562,国睿科技,25.45,军工电子Ⅱ、军工电子Ⅲ,,2,0,industry_board、report_industry,507419094.0,39.6647736326,77187522.62,2.49,1.15,-0.170815646371,36.7505318671,军工电子Ⅱ,2026-04-23,32.853258762050004,True,True,True,True,True,True,True,,,,,True,True,True,True,True,13.015080171904646,32.634396,20260331,,True,True,True,True,
300602,飞荣达,37.4,消费电子、消费电子零部件及组装,,2,0,industry_board、report_industry,1643714119.75,39.1460279892,77356955.36,33.92,1.89,-0.041058917879,20.9021413828,消费电子,2026-04-28,19.0739920456,True,True,True,True,True,True,True,,,,,True,True,True,True,True,160.661659693797,54.881894,20260331,,True,True,True,True,
688816,易思维,70.15,其他自动化设备、自动化设备,,2,0,industry_board、report_industry,27287423.84,37.6976452357,-30177974.35,-59.187692934,-3.08,-0.3813197736,61.7290108028,自动化设备,2026-04-30,29.231632947549997,True,True,True,True,True,True,True,,,,,True,True,True,True,True,47.6976847350369,13.870847,20260331,,True,True,True,True,
688788,科思科技,53.35,军工电子Ⅱ、军工电子Ⅲ,,2,0,industry_board、report_industry,28432134.78,36.9566448859,-72588160.01,-24.4,-4.04,-0.342505176179,25.2597986242,军工电子Ⅱ,2026-04-25,32.853258762050004,True,True,True,True,True,True,True,,,,,True,True,True,True,True,19.276147774215644,10.603091,20260331,,True,True,True,True,
688545,兴福电子,94.5,电子化学品Ⅱ、电子化学品Ⅲ,,2,0,industry_board、report_industry,446720565.78,36.7237716684,64020078.22,20.22,2.14,-0.240296132972,26.4567771317,电子化学品Ⅱ,2026-04-28,29.6474506561,True,True,True,True,True,True,True,,,,,True,True,True,True,True,30.44016214019194,30.004065,20260331,,True,True,True,True,
002338,奥普光电,62.95,军工电子Ⅱ、军工电子Ⅲ,,2,0,industry_board、report_industry,226407303.14,36.4523460185,31096843.27,125.11,2.17,-0.632444036958,30.6483197484,军工电子Ⅱ,2026-04-28,32.853258762050004,True,True,True,True,True,True,True,,,,,True,True,True,True,True,163.57567374733648,32.522324,20260331,,True,True,True,True,
688146,中船特气,142.55,半导体、半导体材料,,2,0,industry_board、report_industry,701420185.02,36.00309787,101286840.0,16.86,1.74,-0.242193718438,30.2047108274,半导体,2026-04-21,32.2948328539,True,True,True,True,True,True,True,,,,,True,True,True,True,True,30.696572376849684,19.199228,20260331,,True,True,True,True,
603327,福蓉科技,10.54,消费电子、消费电子零部件及组装,,2,0,industry_board、report_industry,761515145.02,35.8360144067,48268783.25,134.07,2.05,-0.026108227698,12.2156509832,消费电子,2026-04-25,19.0739920456,True,True,True,True,True,True,True,,,,,True,True,True,True,True,178.28512312141186,33.293944,20260331,,True,True,True,True,
002222,福晶科技,105.35,光学元件、光学光电子,,2,0,industry_board、report_industry,324426753.06,35.6254565007,65240350.38,30.7,3.63,0.14818604051,44.929525742,光学光电子,2026-04-29,18.0566157497,True,True,True,True,True,True,True,,,,,True,True,True,True,True,25.96279974773563,26.659553,20260331,,True,True,True,True,
603929,XD亚翔集,192.62,专业工程、其他专业工程,,2,0,industry_board、report_industry,1130437772.48,35.3811962439,247952192.27,202.41,10.27,-1.109041913198,25.0284747598,专业工程,2026-04-30,14.9336793198,True,True,True,True,True,True,True,,,,,True,True,True,True,True,202.35924728026126,54.7202,20260331,,True,True,True,True,
600522,中天科技,43.72,通信线缆及配套、通信设备,,2,0,industry_board、report_industry,13142208087.22,34.7112176697,918953763.69,46.42,2.43,-0.570945618128,15.5814103559,通信设备,2026-04-25,26.4444989384,True,True,True,True,True,True,True,,,,,True,True,True,True,True,38.19572868598049,38.516104,20260331,,True,True,True,True,
002979,雷赛智能,63.6,机器人、自动化设备,,2,0,industry_board、report_industry,525392709.49,34.5483250016,72120345.94,29.2,3.96,-0.151558752722,38.944248206,自动化设备,2026-04-23,29.231632947549997,True,True,True,True,True,True,True,,,,,True,True,True,True,True,30.82878460930447,39.979571,20260331,,True,True,True,True,
688636,智明达,41.23,军工电子Ⅱ、军工电子Ⅲ,,2,0,industry_board、report_industry,108380494.42,34.3217366496,17836519.71,114.44,1.27,-0.272736157663,49.456562481,军工电子Ⅱ,2026-04-23,32.853258762050004,True,True,True,True,True,True,True,,,,,True,True,True,True,True,94.80457306238554,30.338691,20260331,,True,True,True,True,
600487,亨通光电,72.36,通信线缆及配套、通信设备,,2,0,industry_board、report_industry,17790560069.79,34.086710357,1105364232.68,98.53,3.44,-0.078520781044,15.9794615991,通信设备,2026-04-25,26.4444989384,True,True,True,True,True,True,True,,,,,True,True,True,True,True,107.68244002815659,51.875626,20260331,,True,True,True,True,
300790,宇瞳光学,33.61,计算机、计算机设备,,2,0,industry_board、report_industry,819168462.85,33.1628907767,56733634.68,16.14,2.12,0.157453743225,21.8856178528,计算机设备,2026-04-28,32.1373908156,True,True,True,True,True,True,True,,,,,True,True,True,True,True,20.00724576533106,55.711288,20260331,,True,True,True,True,
300236,上海新阳,96.53,电子化学品Ⅱ、电子化学品Ⅲ,,2,0,industry_board、report_industry,577317550.4,33.0492157554,103691172.99,102.59,1.94,0.124605718498,42.184665469,电子化学品Ⅱ,2026-04-29,29.6474506561,True,True,True,True,True,True,True,,,,,True,True,True,True,True,109.51869453491723,26.064015,20260331,,True,True,True,True,
688019,安集科技,291.78,电子化学品Ⅱ、电子化学品Ⅲ,,2,0,industry_board、report_industry,723928401.13,32.7617986592,207668028.8,23.01,5.7,0.803170958172,55.4641647079,电子化学品Ⅱ,2026-04-29,29.6474506561,True,True,True,True,True,True,True,,,,,True,True,True,True,True,21.646895170858716,15.695698,20260331,,True,True,True,True,
688313,仕佳光子,175.0,通信网络设备及器件、通信设备,,2,0,industry_board、report_industry,576592985.36,32.1832621359,116175902.84,24.66,7.24,-0.213878155536,34.131885619,通信设备,2026-04-18,26.4444989384,True,True,True,True,True,True,True,,,,,True,True,True,True,True,16.31281122249375,38.464501,20260331,,True,True,True,True,
301183,东田微,257.16,光学元件、光学光电子,,2,0,industry_board、report_industry,206168366.33,32.1530991212,28065377.13,39.64,2.89,0.201355561536,25.732750312,光学光电子,2026-04-27,18.0566157497,True,True,True,True,True,True,True,,,,,True,True,True,True,True,38.685887232134085,30.458467,20260331,,True,True,True,True,
301512,智信精密,53.55,其他自动化设备、自动化设备,,2,0,industry_board、report_industry,37049346.26,32.0762935955,-25827534.27,-21.14,-2.42,-0.956723337908,29.464555065,自动化设备,2026-04-28,29.231632947549997,True,True,True,True,True,True,True,,,,,True,True,True,True,True,10.821486893455013,25.798286,20260331,,True,True,True,True,
300666,江丰电子,191.06,半导体、半导体材料,,2,0,industry_board、report_industry,1305505300.03,30.491722602,209746920.31,33.42,4.13,0.699231185531,32.8560172586,半导体,2026-04-29,32.2948328539,True,True,True,True,True,True,True,,,,,True,True,True,True,True,37.066703890329066,57.68618,20260331,,True,True,True,True,
603933,睿能科技,26.4,其他电子Ⅱ、其他电子Ⅲ,,2,0,industry_board、report_industry,695285117.16,30.4908233855,34510158.19,163.18,2.61,0.115933439648,22.2047716742,其他电子Ⅱ,2026-04-29,19.1533566637,True,True,True,True,True,True,True,,,,,True,True,True,True,True,170.57010127868986,49.944786,20260331,,True,True,True,True,
688113,联测科技,45.26,专用设备、其他专用设备,,2,0,industry_board、report_industry,122033958.07,29.4285983758,28404947.49,32.27,2.83,0.368868421705,36.2618934679,专用设备,2026-04-28,26.2122886368,True,True,True,True,True,True,True,,,,,True,True,True,True,True,30.80497830492859,29.941489,20260331,,True,True,True,True,
688255,凯尔达,32.93,机器人、自动化设备,,2,0,industry_board、report_industry,211329208.22,29.1283399717,11027768.87,121.42,1.04,0.034157851706,17.0597583664,自动化设备,2026-04-23,29.231632947549997,True,True,True,True,True,True,True,,,,,True,True,True,True,True,174.74667294300218,15.547932,20260331,,True,True,True,True,
301117,佳缘科技,43.34,计算机、计算机设备,,2,0,industry_board、report_industry,28479936.06,28.7674467752,-24173813.72,-67.77,-1.93,-0.407038010625,10.1268712258,计算机设备,2026-04-24,32.1373908156,True,True,True,True,True,True,True,,,,,True,True,True,True,True,54.110093132321424,16.870584,20260331,,True,True,True,True,
688035,德邦科技,88.87,电子化学品Ⅱ、电子化学品Ⅲ,,2,0,industry_board、report_industry,406392183.3,28.4795037844,34413317.89,26.78,1.47,0.157071136038,26.9878095315,电子化学品Ⅱ,2026-04-25,29.6474506561,True,True,True,True,True,True,True,,,,,True,True,True,True,True,22.56832597826255,30.134148,20260331,,True,True,True,True,
688720,艾森股份,94.27,半导体、半导体材料,,2,0,industry_board、report_industry,161590350.29,28.0694707579,9416503.04,24.5,0.91,0.020886080061,27.739360995,半导体,2026-04-25,32.2948328539,True,True,True,True,True,True,True,,,,,True,True,True,True,True,22.38677446892463,24.808744,20260331,,True,True,True,True,
688205,德科立,263.3,通信网络设备及器件、通信设备,,2,0,industry_board、report_industry,254444250.0,27.9697627449,19639010.0,35.08,0.84,-0.405788713368,25.7339594037,通信设备,2026-04-28,26.4444989384,True,True,True,True,True,True,True,,,,,True,True,True,True,True,41.42040308541657,17.386136,20260331,,True,True,True,True,
601869,长飞光纤,391.35,通信线缆及配套、通信设备,,2,0,industry_board、report_industry,3695360951.0,27.7014158526,495131710.0,226.4,3.53,0.746164752495,41.5145642697,通信设备,2026-04-30,26.4444989384,True,True,True,True,True,True,True,,,,,True,True,True,True,True,966.4393406919352,49.297826,20260331,,True,True,True,True,
603890,春秋电子,20.1,消费电子、消费电子零部件及组装,,2,0,industry_board、report_industry,1107833165.2,27.6722649132,60724383.99,50.69,1.82,0.551972698942,21.1832750383,消费电子,2026-04-28,19.0739920456,True,True,True,True,True,True,True,,,,,True,True,True,True,True,82.8670049086707,50.844061,20260331,,True,True,True,True,
301319,唯特偶,103.31,电子化学品Ⅱ、电子化学品Ⅲ,,2,0,industry_board、report_industry,394362185.16,27.4396119659,29753225.64,36.72,2.48,-1.041204356421,17.714157315,电子化学品Ⅱ,2026-04-22,29.6474506561,True,True,True,True,True,True,True,,,,,True,True,True,True,True,46.23892061430694,28.468438,20260331,,True,True,True,True,
300866,安克创新,129.24,品牌消费电子、消费电子,,2,0,industry_board、report_industry,7607645545.67,26.9341196727,471594189.71,-4.87,4.35,-0.840481756957,43.6401133458,消费电子,2026-04-30,19.0739920456,True,True,True,True,True,True,True,,,,,True,True,True,True,True,24.388224162971326,43.919339,20260331,,True,True,True,True,
002861,瀛通通讯,18.23,消费电子、消费电子零部件及组装,,2,0,industry_board、report_industry,206734187.26,25.8744102244,-27077649.24,-55.22,-2.58,-0.039851093998,14.9886484721,消费电子,2026-04-25,19.0739920456,True,True,True,True,True,True,True,,,,,True,True,True,True,True,21.72335447792031,33.600671,20260331,,True,True,True,True,
688359,三孚新科,122.5,电子化学品Ⅱ、电子化学品Ⅲ,,2,0,industry_board、report_industry,157530649.62,25.7370657221,5569404.95,3.01,0.94,-0.277506415314,28.1511327522,电子化学品Ⅱ,2026-04-22,29.6474506561,True,True,True,True,True,True,True,,,,,True,True,True,True,True,21.86497343886451,46.953724,20260331,,True,True,True,True,
688401,路维光电,69.98,半导体、半导体材料,,2,0,industry_board、report_industry,326568217.57,25.564540578,68222926.31,38.81,4.02,0.237430036288,35.3907445127,半导体,2026-04-30,32.2948328539,True,True,True,True,True,True,True,,,,,True,True,True,True,True,42.01866825600551,45.472956,20260331,,True,True,True,True,
600499,科达制造,17.44,专用设备、其他专用设备,,2,0,industry_board、report_industry,4726615100.0,25.4774604405,586622500.0,69.1,4.56,0.453725473963,34.3741507533,专用设备,2026-04-24,26.2122886368,True,True,True,True,True,True,True,,,,,True,True,True,True,True,76.57499660951454,46.231258,20260331,,True,True,True,True,
301419,阿莱德,42.27,通信网络设备及器件、通信设备,,2,0,industry_board、report_industry,97897869.94,25.0282660418,12375005.32,19.88,1.28,0.124482586917,36.1448229585,通信设备,2026-04-24,26.4444989384,True,True,True,True,True,True,True,,,,,True,True,True,True,True,16.704699923857234,9.414423,20260331,,True,True,True,True,
603115,海星股份,80.06,元件、被动元件,,2,0,industry_board、report_industry,632803843.53,24.9830549628,39654320.07,74.74,1.85,-0.018232959762,21.1516095309,元件,2026-04-18,20.247973137800003,True,True,True,True,True,True,True,,,,,True,True,True,True,True,85.27290271790065,34.493962,20260331,,True,True,True,True,
002281,光迅科技,208.42,通信网络设备及器件、通信设备,,2,0,industry_board、report_industry,2773352847.92,24.7949049751,239931671.46,59.76,2.35,0.242442587452,26.8325776559,通信设备,2026-04-23,26.4444989384,True,True,True,True,True,True,True,,,,,True,True,True,True,True,61.22573067889916,43.130836,20260331,,True,True,True,True,
688036,传音控股,60.28,品牌消费电子、消费电子,,2,0,industry_board、report_industry,16200109629.19,24.5795363273,700357725.49,42.9,3.35,-3.556293295433,22.0046685119,消费电子,2026-04-28,19.0739920456,True,True,True,True,True,True,True,,,,,True,True,True,True,True,80.37192592948703,55.149147,20260331,,True,True,True,True,
300398,飞凯材料,37.87,电子化学品Ⅱ、电子化学品Ⅲ,,2,0,industry_board、report_industry,872726142.15,24.5630334843,131201714.07,9.57,2.64,0.40676462165,39.6403161509,电子化学品Ⅱ,2026-04-22,29.6474506561,True,True,True,True,True,True,True,,,,,True,True,True,True,True,74.3421213071444,27.399968,20260331,,True,True,True,True,
300548,长芯博创,251.6,通信网络设备及器件、通信设备,,2,0,industry_board、report_industry,670605570.02,24.5307771672,130067296.15,45.0,6.42,0.77678595717,49.2218910514,通信设备,2026-04-29,26.4444989384,True,True,True,True,True,True,True,,,,,True,True,True,True,True,47.371381934853865,28.332928,20260331,,True,True,True,True,
603738,泰晶科技,56.39,元件、被动元件,,2,0,industry_board、report_industry,249233100.14,24.3117772476,23044495.9,165.22,1.28,0.162867894562,20.2491716396,元件,2026-04-30,20.247973137800003,True,True,True,True,True,True,True,,,,,True,True,True,True,True,5040.949160632342,19.317524,20260331,,True,True,True,True,
002841,视源股份,38.94,品牌消费电子、消费电子,,2,0,industry_board、report_industry,6203165528.12,23.9492955525,246899860.73,52.45,1.83,-1.432004500813,20.7547861716,消费电子,2026-04-23,19.0739920456,True,True,True,True,True,True,True,,,,,True,True,True,True,True,82.51794125409131,50.336106,20260331,,True,True,True,True,
300054,鼎龙股份,70.65,电子化学品Ⅱ、电子化学品Ⅲ,,2,0,industry_board、report_industry,1020104503.18,23.8179386419,250955125.19,77.99,4.71,0.301688162437,54.9470617542,电子化学品Ⅱ,2026-04-28,29.6474506561,True,True,True,True,True,True,True,,,,,True,True,True,True,True,75.23711637205909,40.17046,20260331,,True,True,True,True,
002859,洁美科技,50.37,其他电子Ⅱ、其他电子Ⅲ,,2,0,industry_board、report_industry,507378438.43,22.5246095075,47752907.14,41.59,1.52,0.057980072891,32.5850742577,其他电子Ⅱ,2026-04-28,19.1533566637,True,True,True,True,True,True,True,,,,,True,True,True,True,True,47.96804141488771,57.601588,20260331,,True,True,True,True,
300709,精研科技,46.62,消费电子、消费电子零部件及组装,,2,0,industry_board、report_industry,571995360.67,21.9154063552,-49720278.04,-184.18,-2.28,-0.746207794678,18.0227928351,消费电子,2026-04-27,19.0739920456,True,True,True,True,True,True,True,,,,,True,True,True,True,True,158.84391683550808,44.606085,20260331,,True,True,True,True,
300976,达瑞电子,75.75,消费电子、消费电子零部件及组装,,2,0,industry_board、report_industry,801756950.5,21.7454424229,71977674.0,25.8,1.98,-0.167542371599,27.6247173737,消费电子,2026-04-24,19.0739920456,True,True,True,True,True,True,True,,,,,True,True,True,True,True,30.693167900617226,16.843087,20260331,,True,True,True,True,
300656,民德电子,30.95,其他电子Ⅱ、其他电子Ⅲ,,2,0,industry_board、report_industry,65483184.18,21.31235428,-26270993.99,-178.49,-3.04,-0.056422224266,29.1237179267,其他电子Ⅱ,2026-04-29,19.1533566637,True,True,True,True,True,True,True,,,,,True,True,True,True,True,55.72729319451428,59.476601,20260331,,True,True,True,True,
688668,鼎通科技,256.96,通信网络设备及器件、通信设备,,2,0,industry_board、report_industry,457401910.07,20.7846460378,80327438.38,51.86,3.88,0.645728998982,32.39243901,通信设备,2026-04-16,26.4444989384,True,True,True,True,True,True,True,,,,,True,True,True,True,True,55.89505232046452,24.47359,20260331,,True,True,True,True,
002484,江海股份,50.1,元件、被动元件,,2,0,industry_board、report_industry,1383685870.87,19.5221744507,162007645.71,6.57,2.55,0.23353255788,25.8888457656,元件,2026-04-24,20.247973137800003,True,True,True,True,True,True,True,,,,,True,True,True,True,True,12.569306473201536,26.010567,20260331,,True,True,True,True,
301314,科瑞思,52.21,通信网络设备及器件、通信设备,,2,0,industry_board、report_industry,42516302.99,19.3330605352,1022102.86,-57.24,0.09,-0.062244189864,20.0754281058,通信设备,2026-04-24,26.4444989384,True,True,True,True,True,True,True,,,,,True,True,True,True,True,1254.7753146639955,7.776425,20260331,,True,True,True,True,
000636,风华高科,27.62,元件、被动元件,,2,0,industry_board、report_industry,1514698051.44,18.8994993237,88559116.72,37.14,0.71,-0.188223869416,16.7811947984,元件,2026-04-29,20.247973137800003,True,True,True,True,True,True,True,,,,,True,True,True,True,True,33.340054829658406,23.22539,20260331,,True,True,True,True,
300628,亿联网络,37.9,通信终端及配件、通信设备,,2,0,industry_board、report_industry,1432034328.38,18.8259054501,655796054.24,16.68,6.79,0.19992704052,65.237071977,通信设备,2026-04-22,26.4444989384,True,True,True,True,True,True,True,,,,,True,True,True,True,True,15.007365077088997,7.577562,20260331,,True,True,True,True,
603508,思维列控,25.1,计算机、计算机设备,,2,0,industry_board、report_industry,378612043.34,18.6632137812,160623935.35,26.66,3.93,0.371324843001,62.6667572317,计算机设备,2026-04-29,32.1373908156,True,True,True,True,True,True,True,,,,,True,True,True,True,True,26.077501973742123,6.82194,20260331,,True,True,True,True,
003026,中晶科技,47.49,半导体、半导体材料,,2,0,industry_board、report_industry,118473391.47,18.495224701,13849193.99,95.93,2.05,0.063025684506,45.9043419246,半导体,2026-04-29,32.2948328539,True,True,True,True,True,True,True,,,,,True,True,True,True,True,104.93995169364547,46.064081,20260331,,True,True,True,True,
301165,锐捷网络,96.03,通信网络设备及器件、通信设备,,2,0,industry_board、report_industry,2999089577.27,18.2616437069,122924259.41,14.59,2.43,-1.845625919744,35.6968285004,通信设备,2026-04-21,26.4444989384,True,True,True,True,True,True,True,,,,,True,True,True,True,True,18.182204165349702,47.638751,20260331,,True,True,True,True,
688755,汉邦科技,39.23,专用设备、其他专用设备,,2,0,industry_board、report_industry,194648721.85,17.8037230026,18456117.94,66.22,1.47,-0.31927637375,37.7271314458,专用设备,2026-04-25,26.2122886368,True,True,True,True,True,True,True,,,,,True,True,True,True,True,93.06751496653153,34.895711,20260331,,True,True,True,True,
002922,伊戈尔,43.24,其他电子Ⅱ、其他电子Ⅲ,,2,0,industry_board、report_industry,1275593596.6,17.7074494805,68673903.86,63.53,1.81,-0.451905273823,19.8221076873,其他电子Ⅱ,2026-04-29,19.1533566637,True,True,True,True,True,True,True,,,,,True,True,True,True,True,89.135242386321,59.547559,20260331,,True,True,True,True,
603078,江化微,30.79,电子化学品Ⅱ、电子化学品Ⅲ,,2,0,industry_board、report_industry,321918371.76,16.8752418252,28776494.41,7.31,1.45,0.096533208872,27.1288290297,电子化学品Ⅱ,2026-04-30,29.6474506561,True,True,True,True,True,True,True,,,,,True,True,True,True,True,10.072538792994612,27.264422,20260331,,True,True,True,True,
301392,汇成真空,184.0,专用设备、其他专用设备,,2,0,industry_board、report_industry,113517433.35,16.5590965808,27493283.64,230.38,3.7,0.0642636296,55.9543281111,专用设备,2026-04-28,26.2122886368,True,True,True,True,True,True,True,,,,,True,True,True,True,True,226.70239274807682,40.470003,20260331,,True,True,True,True,
002009,天奇股份,26.9,专用设备、其他专用设备,,2,0,industry_board、report_industry,724706440.46,16.4687698642,24608141.01,-41.83,1.21,0.191042849901,20.0531940737,专用设备,2026-04-28,26.2122886368,True,True,True,True,True,True,True,,,,,True,True,True,True,True,87.7160005402318,62.961256,20260331,,True,True,True,True,
002161,远 望 谷,6.59,其他电子Ⅱ、其他电子Ⅲ,,2,0,industry_board、report_industry,106100442.83,16.1003260084,-38316197.08,-58.16,-2.48,0.061779764744,41.9911174371,其他电子Ⅱ,2026-04-29,19.1533566637,True,True,True,True,True,True,True,,,,,True,True,True,True,True,18.48277696511169,40.098547,20260331,,True,True,True,True,
688090,瑞松科技,87.5,机器人、自动化设备,,2,0,industry_board、report_industry,202057014.32,15.7967146936,20582669.54,878.58,2.25,0.822788663247,29.3862107583,自动化设备,2026-04-28,29.231632947549997,True,True,True,True,True,True,True,,,,,True,True,True,True,True,1363.4189016933306,49.900627,20260331,,True,True,True,True,
300429,强力新材,15.2,电子化学品Ⅱ、电子化学品Ⅲ,,2,0,industry_board、report_industry,250479040.74,15.2053508032,-28812988.86,-412.48,-1.61,0.049072155921,20.8752307481,电子化学品Ⅱ,2026-04-29,29.6474506561,True,True,True,True,True,True,True,,,,,True,True,True,True,True,358.59586054072895,45.04078,20260331,,True,True,True,True,
300331,苏大维格,53.55,光学元件、光学光电子,,2,0,industry_board、report_industry,520658296.38,15.0001666756,30027787.39,73.16,1.97,0.115401853467,27.0837765345,光学光电子,2026-04-24,18.0566157497,True,True,True,True,True,True,True,,,,,True,True,True,True,True,341.24902191691683,53.382921,20260331,,True,True,True,True,
688498,源杰科技,,半导体,,1,0,report_industry,355278486.49,320.9399426311,179441968.61,1153.07,7.38,0.46133631354,77.8078616274,半导体,2026-04-28,32.2948328539,True,True,True,True,True,True,True,,,,,True,True,True,True,True,1173.6432556932118,10.716239,20260331,,True,True,True,True,
688766,普冉股份,,半导体,,1,0,report_industry,1446779783.07,256.078019374,251112055.65,1259.87,9.88,1.646019401455,44.6831763476,半导体,2026-04-29,32.2948328539,True,True,True,True,True,True,True,,,,,True,True,True,True,True,1213.7488694227034,27.470641,20260331,,True,True,True,True,
301178,天亿马,58.56,计算机,,1,0,industry_board,149751561.19,209.2574744815,909137.58,60.2,0.12,0.508133494035,14.780694501,IT服务Ⅱ,2026-04-24,26.9040093984,True,True,True,True,True,True,True,,,,,True,True,True,True,True,16.98739504751341,43.672344,20260331,,True,True,True,True,
001266,宏英智能,50.12,自动化设备,,1,0,industry_board、report_industry,543758755.02,186.1530887244,36311194.66,1309.44,3.61,-0.01901436241,18.0553606307,自动化设备,2026-04-28,29.231632947549997,True,True,True,True,True,True,True,,,,,True,True,True,True,True,1897.128933713173,48.726736,20260331,,True,True,True,True,
301172,君逸数码,35.23,计算机,,1,0,industry_board,61992368.46,184.799431599,2230917.65,22.7,0.15,-0.110908403119,25.1040697373,IT服务Ⅱ,2026-04-27,26.9040093984,True,True,True,True,True,True,True,,,,,True,True,True,True,True,60.368978356663526,21.123817,20260331,,True,True,True,True,
688256,寒武纪,,半导体,,1,0,report_industry,2884696746.86,159.5554734937,1013213581.94,185.04,8.2,1.977702540737,54.3303762465,半导体,2026-04-30,32.2948328539,True,True,True,True,True,True,True,,,,,True,True,True,True,True,238.559071656367,16.379523,20260331,,True,True,True,True,
300678,中科信息,28.53,计算机,,1,0,industry_board,118765987.92,123.3061972022,4641937.46,45.51,0.54,-0.353540657698,11.1539797816,IT服务Ⅱ,2026-04-24,26.9040093984,True,True,True,True,True,True,True,,,,,True,True,True,True,True,93.60007570638267,30.608199,20260331,,True,True,True,True,
603061,金海通,,半导体,,1,0,report_industry,283919855.45,120.7678149266,82502378.84,221.54,4.94,1.697202185833,52.9587426253,半导体,2026-04-16,32.2948328539,True,True,True,True,True,True,True,,,,,True,True,True,True,True,233.16636428360192,27.535473,20260331,,True,True,True,True,
603986,兆易创新,,半导体,,1,0,report_industry,4188075574.04,119.3786758368,1461248353.08,522.79,6.12,2.543219291527,57.0767184326,半导体,2026-04-30,32.2948328539,True,True,True,True,True,True,True,,,,,True,True,True,True,True,529.8962444090184,8.13285,20260331,,True,True,True,True,
688521,芯原股份,,半导体,,1,0,report_industry,835739470.03,114.473459151,-340842945.2,-54.6871251507,-10.38,-0.586413042715,32.2948328539,半导体,2026-04-30,32.2948328539,True,True,True,True,True,True,True,,,,,True,True,True,True,True,43.70858017967707,59.735155,20260331,,True,True,True,True,
300681,英搏尔,34.48,汽车电子电气系统,,1,0,industry_board,1087279449.12,99.200963101,56743805.0,430.8,1.85,2.021558860597,17.2674798371,汽车零部件,2026-04-15,18.8379687263,True,True,True,True,True,True,True,,,,,True,True,True,True,True,547.8890849289487,57.430461,20260331,,True,True,True,True,
688633,星球石墨,,专用设备,,1,0,report_industry,248286905.52,94.219717775,73270036.04,336.31,4.16,0.728271147311,52.0031220654,专用设备,2026-04-24,26.2122886368,True,True,True,True,True,True,True,,,,,True,True,True,True,True,490.7378850591159,42.809712,20260331,,True,True,True,True,
688025,杰普特,381.32,自动化设备,,1,0,industry_board、report_industry,660862470.64,92.7494410044,97678469.44,170.98,4.16,0.076058928627,42.9601112869,自动化设备,2026-04-30,29.231632947549997,True,True,True,True,True,True,True,,,,,True,True,True,True,True,186.76912466449141,34.126808,20260331,,True,True,True,True,
688519,南亚新材,,元件,,1,0,report_industry,1832161085.0,92.3628096419,150132663.11,610.83,5.08,-0.281679279624,15.1965434202,元件,2026-04-28,20.247973137800003,True,True,True,True,True,True,True,,,,,True,True,True,True,True,823.1546411774193,57.772829,20260331,,True,True,True,True,
300889,爱克股份,22.77,光学光电子,,1,0,industry_board、report_industry,297370947.27,90.0310212579,-18072779.83,-15.82,-1.3,-0.415625889241,14.9429967682,光学光电子,2026-04-24,18.0566157497,True,True,True,True,True,True,True,,,,,True,True,True,True,True,13.402860562162555,48.689129,20260331,,True,True,True,True,
603068,博通集成,,半导体,,1,0,report_industry,310545532.13,87.7706620989,16233303.46,-1.57,0.94,0.312397434334,28.8453940154,半导体,2026-04-29,32.2948328539,True,True,True,True,True,True,True,,,,,True,True,True,True,True,414.06381984973694,17.823171,20260331,,True,True,True,True,
001332,锡装股份,,专用设备,,1,0,report_industry,353620701.69,83.4264715886,91292629.83,96.84,3.5,-0.580475529731,44.3050592008,专用设备,2026-04-27,26.2122886368,True,True,True,True,True,True,True,,,,,True,True,True,True,True,104.58905694416475,26.272735,20260331,,True,True,True,True,
300278,华昌达,5.1,自动化设备,,1,0,industry_board、report_industry,677111825.77,83.2487870105,1590690.52,-57.22,0.1,-0.095535388644,11.7090811019,自动化设备,2026-04-25,29.231632947549997,True,True,True,True,True,True,True,,,,,True,True,True,True,True,991.4836436978652,52.179198,20260331,,True,True,True,True,
688262,国芯科技,,半导体,,1,0,report_industry,156658781.09,79.5010739166,-48665004.72,-40.0406075824,-2.51,-0.314250015892,22.9079662246,半导体,2026-04-24,32.2948328539,True,True,True,True,True,True,True,,,,,True,True,True,True,True,56.86684597355314,38.884871,20260331,,True,True,True,True,
301638,南网数字,29.82,计算机,,1,0,industry_board,1018297121.66,77.7901913767,77190775.57,654.19,0.69,-0.170410499664,33.2929736045,IT服务Ⅱ,2026-04-29,26.9040093984,True,True,True,True,True,True,True,,,,,True,True,True,True,True,949.2728273036322,26.319253,20260331,,True,True,True,True,
300613,富瀚微,,半导体,,1,0,report_industry,559056357.65,75.5298906945,85076411.2,481.14,2.87,0.24431920243,39.0767766417,半导体,2026-04-24,32.2948328539,True,True,True,True,True,True,True,,,,,True,True,True,True,True,543.2536781601794,23.977361,20260331,,True,True,True,True,
002008,大族激光,140.69,自动化设备,,1,0,industry_board、report_industry,5134891511.85,74.4437235614,354067494.53,116.59,1.87,-0.695368223373,34.0154110485,自动化设备,2026-04-21,29.231632947549997,True,True,True,True,True,True,True,,,,,True,True,True,True,True,467.80908386919026,43.693223,20260331,,True,True,True,True,
003010,若羽臣,28.25,互联网电商,,1,0,industry_board、report_industry,994620362.78,73.3357350773,72333748.41,163.78,8.82,-0.091740040416,64.6581837931,互联网电商,2026-04-30,33.0396421657,True,True,True,True,True,True,True,,,,,True,True,True,True,True,167.44719364378514,63.959772,20260331,,True,True,True,True,
688655,迅捷兴,,元件,,1,0,report_industry,213387382.12,72.7400189915,-5350718.55,-10.2176962408,-0.82,0.035812284129,14.164500909,元件,2026-04-25,20.247973137800003,True,True,True,True,True,True,True,,,,,True,True,True,True,True,12.346821642828631,56.160518,20260331,,True,True,True,True,
688372,伟测科技,,半导体,,1,0,report_industry,489975624.72,71.7901377769,70857990.43,173.39,2.36,1.509294598813,34.959903905,半导体,2026-04-29,32.2948328539,True,True,True,True,True,True,True,,,,,True,True,True,True,True,365.218731120312,52.239882,20260331,,True,True,True,True,
001389,广合科技,,元件,,1,0,report_industry,1913972773.01,71.3517482485,392553470.97,63.31,9.28,0.677334162229,36.9327698627,元件,2026-04-30,20.247973137800003,True,True,True,True,True,True,True,,,,,True,True,True,True,True,67.88234384609888,37.188367,20260331,,True,True,True,True,
300604,长川科技,,半导体,,1,0,report_industry,1378470645.57,69.0854419545,352540319.34,217.6,7.17,-0.330019275033,56.8082975489,半导体,2026-04-25,32.2948328539,True,True,True,True,True,True,True,,,,,True,True,True,True,True,612.2693969362163,49.415092,20260331,,True,True,True,True,
688039,当虹科技,44.85,计算机,,1,0,industry_board,82751714.36,68.6354627581,-15213971.53,-27.9630080036,-1.45,-0.478437449323,35.1793670924,IT服务Ⅱ,2026-04-29,26.9040093984,True,True,True,True,True,True,True,,,,,True,True,True,True,True,10.2506599843456,27.980953,20260331,,True,True,True,True,
688041,海光信息,,半导体,,1,0,report_industry,4033592186.34,68.0559205815,687094336.71,35.82,2.99,0.029091168966,55.6039833349,半导体,2026-04-08,32.2948328539,True,True,True,True,True,True,True,,,,,True,True,True,True,True,34.99227277949926,22.799326,20260331,,True,True,True,True,
688536,思瑞浦,,半导体,,1,0,report_industry,702304366.5,66.5039689994,105400509.6,577.25,1.68,1.443040762639,47.6560499258,半导体,2026-04-28,32.2948328539,True,True,True,True,True,True,True,,,,,True,True,True,True,True,5256.286257207423,10.336149,20260331,,True,True,True,True,
603679,华体科技,17.54,光学光电子,,1,0,industry_board、report_industry,143739850.1,64.6531516191,-14110159.32,-521.2511923783,-1.93,0.13996452229,21.2391566979,光学光电子,2026-04-28,18.0566157497,True,True,True,True,True,True,True,,,,,True,True,True,True,True,126.55371656544934,41.313855,20260331,,True,True,True,True,
600601,方正科技,,元件,,1,0,report_industry,1563676158.41,64.3077274966,231633236.09,195.16,4.88,0.106499754296,30.5164929268,元件,2026-04-28,20.247973137800003,True,True,True,True,True,True,True,,,,,True,True,True,True,True,225.5127415622768,54.114952,20260331,,True,True,True,True,
002077,大港股份,,半导体,,1,0,report_industry,104843492.93,60.2073235728,38402975.87,145.63,1.14,0.029796823551,18.9081834704,半导体,2026-04-29,32.2948328539,True,True,True,True,True,True,True,,,,,True,True,True,True,True,25.962075234684214,17.174302,20260331,,True,True,True,True,
603966,法兰泰克,,专用设备,,1,0,report_industry,644109355.77,57.9228976675,54256883.49,57.75,2.56,-0.243562148839,23.3680622276,专用设备,2026-04-25,26.2122886368,True,True,True,True,True,True,True,,,,,True,True,True,True,True,75.43733560804789,51.0685,20260331,,True,True,True,True,
300227,光韵达,11.54,自动化设备,,1,0,industry_board、report_industry,427784973.22,57.847968098,-28672706.77,-18276.71,-2.14,-0.222232325245,24.6438757973,自动化设备,2026-04-30,29.231632947549997,True,True,True,True,True,True,True,,,,,True,True,True,True,True,1073.548990497201,64.758266,20260331,,True,True,True,True,
688380,中微半导,,半导体,,1,0,report_industry,325179531.86,57.473325435,51248390.83,48.89,1.6,0.225632909045,38.4543812505,半导体,2026-04-24,32.2948328539,True,True,True,True,True,True,True,,,,,True,True,True,True,True,111.91002554867411,8.132669,20260331,,True,True,True,True,
688512,慧智微,,半导体,,1,0,report_industry,214703831.11,56.8734007892,-66444400.85,-1962.7,-4.11,-0.114013392191,13.0154486744,半导体,2026-04-29,32.2948328539,True,True,True,True,True,True,True,,,,,True,True,True,True,True,13.364811786017782,20.327774,20260331,,True,True,True,True,
002463,沪电股份,,元件,,1,0,report_industry,6214156406.0,53.9061409765,1242081367.0,62.9,7.81,0.265550960187,35.6324179234,元件,2026-04-23,20.247973137800003,True,True,True,True,True,True,True,,,,,True,True,True,True,True,56.01573445611194,48.643118,20260331,,True,True,True,True,
300936,中英科技,,元件,,1,0,report_industry,62781324.02,52.8319112702,-1105396.26,-871.69,-0.11,-0.370007723404,13.7125883284,元件,2026-04-23,20.247973137800003,True,True,True,True,True,True,True,,,,,True,True,True,True,True,100.0579805491157,11.843715,20260331,,True,True,True,True,
002384,东山精密,,元件,,1,0,report_industry,13137636263.36,52.7234327423,1109892942.38,143.47,5.05,0.615127615281,19.3275357993,元件,2026-04-28,20.247973137800003,True,True,True,True,True,True,True,,,,,True,True,True,True,True,166.9893912169261,63.688751,20260331,,True,True,True,True,
688183,生益电子,,元件,,1,0,report_industry,2410568379.4,52.6209292216,444718185.46,122.16,7.47,0.739752914754,35.2055055904,元件,2026-04-29,20.247973137800003,True,True,True,True,True,True,True,,,,,True,True,True,True,True,122.82766753573013,47.51803,20260331,,True,True,True,True,
301510,固高科技,40.58,自动化设备,,1,0,industry_board、report_industry,155591683.42,50.1237435721,22062369.82,183.06,1.53,0.040483656559,47.2165711465,自动化设备,2026-04-29,29.231632947549997,True,True,True,True,True,True,True,,,,,True,True,True,True,True,203.70762377227004,15.20159,20260331,,True,True,True,True,
301536,星宸科技,,半导体,,1,0,report_industry,993787883.46,49.3470027725,220214457.13,330.29,6.81,-0.036709497939,46.0535806732,半导体,2026-04-24,32.2948328539,True,True,True,True,True,True,True,,,,,True,True,True,True,True,426.6979461145921,41.05579,20260331,,True,True,True,True,
300458,全志科技,,半导体,,1,0,report_industry,911959280.39,47.1240656517,203030428.89,121.77,6.31,0.212740548956,40.2106220415,半导体,2026-04-22,32.2948328539,True,True,True,True,True,True,True,,,,,True,True,True,True,True,256.9653784718728,18.73233,20260331,,True,True,True,True,
300223,北京君正,,半导体,,1,0,report_industry,1559766866.05,47.1155548956,318979317.55,331.61,2.54,0.449058001867,43.4912426444,半导体,2026-04-29,32.2948328539,True,True,True,True,True,True,True,,,,,True,True,True,True,True,370.57887669479913,7.741028,20260331,,True,True,True,True,
688279,峰岹科技,,半导体,,1,0,report_industry,250291452.83,46.2013386733,88267191.13,75.09,1.72,0.449837391221,51.8192276458,半导体,2026-04-29,32.2948328539,True,True,True,True,True,True,True,,,,,True,True,True,True,True,89.41509354360564,2.284856,20260331,,True,True,True,True,
002049,紫光国微,,半导体,,1,0,report_industry,1499087278.85,46.1070992082,334300512.64,180.27,2.4,-0.411986938789,52.5810695055,半导体,2026-04-28,32.2948328539,True,True,True,True,True,True,True,,,,,True,True,True,True,True,170.80951542746936,25.470046,20260331,,True,True,True,True,
600183,生益科技,,元件,,1,0,report_industry,8141455910.4,45.0885351399,1158139324.56,105.47,6.68,0.23529812358,28.1013204296,元件,2026-04-29,20.247973137800003,True,True,True,True,True,True,True,,,,,True,True,True,True,True,93.5148821051589,44.031184,20260331,,True,True,True,True,
002331,皖通科技,9.57,计算机,,1,0,industry_board,191583931.82,45.0642711429,-28844689.84,-85.09,-1.99,-0.245735007258,16.4973711468,IT服务Ⅱ,2026-04-23,26.9040093984,True,True,True,True,True,True,True,,,,,True,True,True,True,True,86.01367877663523,49.895856,20260331,,True,True,True,True,
001277,速达股份,,专用设备,,1,0,report_industry,242149586.55,45.0339768569,14366454.53,30.4,0.92,-1.289825345789,17.4492905117,专用设备,2026-04-28,26.2122886368,True,True,True,True,True,True,True,,,,,True,True,True,True,True,85.39001142217784,21.107495,20260331,,True,True,True,True,
688693,锴威特,,半导体,,1,0,report_industry,64797670.26,44.5429756319,-18015267.35,-40.3676279352,-2.29,-0.65548579885,32.7440966394,半导体,2026-04-30,32.2948328539,True,True,True,True,True,True,True,,,,,True,True,True,True,True,36.10256220291526,15.307344,20260331,,True,True,True,True,
301310,鑫宏业,42.63,汽车电子电气系统,,1,0,industry_board,1089620714.31,44.2805241322,36952839.6,7.33,1.57,-2.697643727513,10.3400074044,汽车零部件,2026-04-27,18.8379687263,True,True,True,True,True,True,True,,,,,True,True,True,True,True,10.024640414063168,57.580267,20260331,,True,True,True,True,
688160,步科股份,129.5,自动化设备,,1,0,industry_board、report_industry,189001594.3,43.2191989447,13313608.86,19.7,1.02,-0.367313654146,32.8638915878,自动化设备,2026-04-28,29.231632947549997,True,True,True,True,True,True,True,,,,,True,True,True,True,True,16.43182291765022,13.028419,20260331,,True,True,True,True,
603029,天鹅股份,,专用设备,,1,0,report_industry,174624559.34,42.7032788719,7404702.76,0.57,0.77,-1.067129612583,24.2109793719,专用设备,2026-04-29,26.2122886368,True,True,True,True,True,True,True,,,,,True,True,True,True,True,92.57378226739712,57.468115,20260331,,True,True,True,True,
002552,宝鼎科技,,元件,,1,0,report_industry,969743531.82,41.9743378411,66046450.32,267.64,4.31,0.131346954429,20.5602000764,元件,2026-04-28,20.247973137800003,True,True,True,True,True,True,True,,,,,True,True,True,True,True,249.55380021502495,58.317601,20260331,,True,True,True,True,
300852,四会富仕,,元件,,1,0,report_industry,573757500.95,41.2349346318,29468936.52,2.71,1.3,-0.130343375218,18.8857051787,元件,2026-04-23,20.247973137800003,True,True,True,True,True,True,True,,,,,True,True,True,True,True,15.236277325273996,23.499795,20260331,,True,True,True,True,
300661,圣邦股份,,半导体,,1,0,report_industry,1098130967.75,39.0811972314,123692813.99,106.96,2.31,0.076861040786,51.6282847702,半导体,2026-04-27,32.2948328539,True,True,True,True,True,True,True,,,,,True,True,True,True,True,194.86902437737535,23.454624,20260331,,True,True,True,True,
300964,本川智能,,元件,,1,0,report_industry,235381216.93,38.0637383916,11940636.51,15.46,1.17,-0.78010256709,19.2597553837,元件,2026-04-29,20.247973137800003,True,True,True,True,True,True,True,,,,,True,True,True,True,True,35.448765252615466,37.092098,20260331,,True,True,True,True,
002916,深南电路,,元件,,1,0,report_industry,6595587902.38,37.8994473036,850230796.58,73.01,4.83,0.363214882227,29.1690112056,元件,2026-04-24,20.247973137800003,True,True,True,True,True,True,True,,,,,True,True,True,True,True,75.03553723966878,47.24247,20260331,,True,True,True,True,
300814,中富电路,,元件,,1,0,report_industry,519586586.27,37.8061763892,18899504.99,89.32,1.14,-0.093269334945,27.0613673747,元件,2026-04-29,20.247973137800003,True,True,True,True,True,True,True,,,,,True,True,True,True,True,52.69842032828236,49.497378,20260331,,True,True,True,True,
688200,华峰测控,,半导体,,1,0,report_industry,271807572.37,37.5183467314,94207344.56,52.12,2.28,-0.123980569488,75.3031146393,半导体,2026-04-29,32.2948328539,True,True,True,True,True,True,True,,,,,True,True,True,True,True,42.443949072682074,8.044449,20260331,,True,True,True,True,
301631,壹连科技,132.23,汽车电子电气系统,,1,0,industry_board,1316160785.59,37.3727395663,70645279.27,17.45,2.69,0.158425093678,15.2036358324,汽车零部件,2026-04-29,18.8379687263,True,True,True,True,True,True,True,,,,,True,True,True,True,True,22.43989017973591,54.178158,20260331,,True,True,True,True,
688500,慧辰股份,56.32,计算机,,1,0,industry_board,105046021.53,36.4785914044,-27558708.7,-56.0778870768,-3.78,0.179450535887,21.5734182599,IT服务Ⅱ,2026-04-30,26.9040093984,True,True,True,True,True,True,True,,,,,True,True,True,True,True,55.114369964472345,27.1434,20260331,,True,True,True,True,
603893,瑞芯微,,半导体,,1,0,report_industry,1205453647.35,36.2152026238,329194658.46,57.15,7.23,0.908580913247,43.0420245449,半导体,2026-04-22,32.2948328539,True,True,True,True,True,True,True,,,,,True,True,True,True,True,53.83670407829677,17.854864,20260331,,True,True,True,True,
002587,奥拓电子,7.08,光学光电子,,1,0,industry_board、report_industry,250417846.92,35.6223106455,15215303.28,11.85,1.14,-0.123603740895,32.6077178301,光学光电子,2026-04-27,18.0566157497,True,True,True,True,True,True,True,,,,,True,True,True,True,True,40.25925911465613,29.981193,20260331,,True,True,True,True,
300480,光力科技,,专用设备,,1,0,report_industry,206672916.54,35.1990088029,31529474.66,76.65,2.38,-0.064550390586,49.5639244972,专用设备,2026-04-24,26.2122886368,True,True,True,True,True,True,True,,,,,True,True,True,True,True,84.95467878435856,17.463982,20260331,,True,True,True,True,
300373,扬杰科技,,半导体,,1,0,report_industry,2129692752.55,34.8678303331,384909639.0,41.01,3.96,0.317716347338,36.8127358837,半导体,2026-04-18,32.2948328539,True,True,True,True,True,True,True,,,,,True,True,True,True,True,41.152061905868244,39.426289,20260331,,True,True,True,True,
688230,芯导科技,,半导体,,1,0,report_industry,100041198.47,34.7123057907,29960701.61,24.47,1.31,-0.032761184014,34.3271907226,半导体,2026-04-22,32.2948328539,True,True,True,True,True,True,True,,,,,True,True,True,True,True,103.37981509803167,2.512326,20260331,,True,True,True,True,
688361,中科飞测,,半导体,,1,0,report_industry,396023624.52,34.6295407074,-67962003.76,-354.277525154,-1.33,-0.057794239976,47.7718109795,半导体,2026-04-29,32.2948328539,True,True,True,True,True,True,True,,,,,True,True,True,True,True,168.54647636762004,36.828347,20260331,,True,True,True,True,
688392,骄成超声,165.71,锂电专用设备,,1,0,industry_board,198154550.35,34.2933483555,50304372.72,112.85,2.75,0.383683973662,66.7677192708,电池,2026-04-25,16.7921264727,True,True,True,True,True,True,True,,,,,True,True,True,True,True,86.3461913765768,27.111763,20260331,,True,True,True,True,
688012,中微公司,,半导体,,1,0,report_industry,2914986518.73,34.1285376976,930487319.17,197.2,4.0,-0.253497297361,39.8925648403,半导体,2026-04-28,32.2948328539,True,True,True,True,True,True,True,,,,,True,True,True,True,True,60.092377422918815,22.175616,20260331,,True,True,True,True,
603203,快克智能,63.13,自动化设备,,1,0,industry_board、report_industry,333107873.98,33.0852519204,77071438.31,16.15,5.3,0.211219341823,49.7633357475,自动化设备,2026-04-24,29.231632947549997,True,True,True,True,True,True,True,,,,,True,True,True,True,True,31.036108882932687,32.936654,20260331,,True,True,True,True,
002636,金安国纪,,元件,,1,0,report_industry,1259770929.28,31.3594859224,201840306.34,763.91,5.44,-0.008563626113,26.4391186698,元件,2026-04-29,20.247973137800003,True,True,True,True,True,True,True,,,,,True,True,True,True,True,699.9002703146266,45.592325,20260331,,True,True,True,True,
688251,井松智能,28.99,计算机,,1,0,industry_board,103877026.76,30.0667145836,-17463658.35,-2332.3991246702,-2.04,-0.52373339361,15.3042961912,IT服务Ⅱ,2026-04-28,26.9040093984,True,True,True,True,True,True,True,,,,,True,True,True,True,True,1238.464367961395,47.445034,20260331,,True,True,True,True,
300609,汇纳科技,39.92,计算机,,1,0,industry_board,67561127.48,29.0256436288,-20221999.71,-666.58,-2.18,-0.489291099159,31.6567757788,IT服务Ⅱ,2026-04-25,26.9040093984,True,True,True,True,True,True,True,,,,,True,True,True,True,True,509.76175176606534,22.921153,20260331,,True,True,True,True,
600171,上海贝岭,,半导体,,1,0,report_industry,604498290.88,28.9335767498,22418165.41,-41.6,0.49,-0.126349296195,28.93573392,半导体,2026-04-25,32.2948328539,True,True,True,True,True,True,True,,,,,True,True,True,True,True,26.6277800543407,13.605688,20260331,,True,True,True,True,
300909,汇创达,47.55,光学光电子,,1,0,industry_board、report_industry,376743682.12,28.5680320959,10516564.97,100.28,0.53,0.020168286632,25.0369639377,光学光电子,2026-04-29,18.0566157497,True,True,True,True,True,True,True,,,,,True,True,True,True,True,69.51459480730887,41.699185,20260331,,True,True,True,True,
301633,港迪技术,60.69,自动化设备,,1,0,industry_board、report_industry,78084071.93,28.4707170641,-11958308.83,-130.33,-1.28,-1.416170239404,24.0801067814,自动化设备,2026-04-29,29.231632947549997,True,True,True,True,True,True,True,,,,,True,True,True,True,True,57.206784085594634,24.16577,20260331,,True,True,True,True,
600885,宏发股份,31.28,电网自动化设备,,1,0,industry_board,5107689410.12,28.2438209328,484287357.82,17.8,3.77,-0.556148754955,32.0864305465,电网设备,2026-04-30,20.676328799,True,True,True,True,True,True,True,,,,,True,True,True,True,True,18.218285491719442,29.763036,20260331,,True,True,True,True,
300476,胜宏科技,,元件,,1,0,report_industry,5519485066.85,27.9927826495,1288427592.46,39.95,7.62,2.425810238049,34.4584933385,元件,2026-04-29,20.247973137800003,True,True,True,True,True,True,True,,,,,True,True,True,True,True,36.070116173044056,55.233938,20260331,,True,True,True,True,
003036,泰坦股份,,专用设备,,1,0,report_industry,381536786.32,27.449382638,20511021.7,8.07,1.38,-0.774251922551,15.5048905246,专用设备,2026-04-24,26.2122886368,True,True,True,True,True,True,True,,,,,True,True,True,True,True,29.84546272783333,53.628641,20260331,,True,True,True,True,
003005,竞业达,17.62,计算机,,1,0,industry_board,42404342.8,27.4007831001,-38554681.35,-81.71,-2.12,-0.405921752503,46.0449107585,IT服务Ⅱ,2026-04-29,26.9040093984,True,True,True,True,True,True,True,,,,,True,True,True,True,True,81.43784006212415,14.029757,20260331,,True,True,True,True,
000988,华工科技,145.1,自动化设备,,1,0,industry_board、report_industry,4265855702.83,27.1313315504,638461927.07,55.76,5.61,-1.12095578234,19.8116449288,自动化设备,2026-04-27,29.231632947549997,True,True,True,True,True,True,True,,,,,True,True,True,True,True,20.51129558302236,48.751683,20260331,,True,True,True,True,
301085,亚康股份,79.45,计算机,,1,0,industry_board,360190186.43,26.8665761369,23726531.52,38.61,2.45,-0.998375466051,18.5049074659,IT服务Ⅱ,2026-04-29,26.9040093984,True,True,True,True,True,True,True,,,,,True,True,True,True,True,39.08470407092912,42.959564,20260331,,True,True,True,True,
301110,青木科技,71.85,互联网电商,,1,0,industry_board、report_industry,343303888.38,25.0738641625,42120500.07,320.53,2.76,-0.166331219989,54.6545354192,互联网电商,2026-04-27,33.0396421657,True,True,True,True,True,True,True,,,,,True,True,True,True,True,250.6306795179148,16.457793,20260331,,True,True,True,True,
688395,正弦电气,31.82,自动化设备,,1,0,industry_board、report_industry,120873376.46,24.7452321871,11987584.6,30.91,1.52,-0.19475702582,32.9413002153,自动化设备,2026-04-25,29.231632947549997,True,True,True,True,True,True,True,,,,,True,True,True,True,True,30.891064407057712,20.698741,20260331,,True,True,True,True,
300018,中元股份,14.64,电网自动化设备,,1,0,industry_board,123526483.95,24.1621072616,29270606.19,11.6,2.05,-0.009275338577,48.3690629891,电网设备,2026-04-21,20.676328799,True,True,True,True,True,True,True,,,,,True,True,True,True,True,13.476139127484332,15.23315,20260331,,True,True,True,True,
688049,炬芯科技,,半导体,,1,0,report_industry,237519197.4,23.7391663995,48700478.23,17.49,2.35,-0.090120313425,49.4738495651,半导体,2026-04-29,32.2948328539,True,True,True,True,True,True,True,,,,,True,True,True,True,True,15.539768536614872,10.708137,20260331,,True,True,True,True,
300241,瑞丰光电,6.87,光学光电子,,1,0,industry_board、report_industry,475686827.5,23.6050646935,29071801.79,5.78,1.28,-0.061474816569,20.270045611,光学光电子,2026-04-29,18.0566157497,True,True,True,True,True,True,True,,,,,True,True,True,True,True,22.71063067914043,39.800313,20260331,,True,True,True,True,
688691,灿芯股份,,半导体,,1,0,report_industry,171282550.35,23.3858033297,-28529432.62,-10.523054431,-2.33,-0.3402512225,16.6647863788,半导体,2026-04-29,32.2948328539,True,True,True,True,True,True,True,,,,,True,True,True,True,True,14.400426808502509,24.368371,20260331,,True,True,True,True,
300739,明阳电路,,元件,,1,0,report_industry,518604001.67,23.3675234644,14632272.59,21.73,0.53,0.109233253619,23.758257947,元件,2026-04-25,20.247973137800003,True,True,True,True,True,True,True,,,,,True,True,True,True,True,47.5063100017979,25.1967,20260331,,True,True,True,True,
688209,英集芯,,半导体,,1,0,report_industry,376762141.69,23.0300797052,45130158.59,129.8,2.04,-0.330676246051,36.7489795495,半导体,2026-04-28,32.2948328539,True,True,True,True,True,True,True,,,,,True,True,True,True,True,259.8709442858758,9.637149,20260331,,True,True,True,True,
603459,红板科技,,元件,,1,0,report_industry,952686864.12,22.8799882358,123795397.04,14.36,5.2,0.052716316549,25.1784728786,元件,2026-04-28,20.247973137800003,True,True,True,True,True,True,True,,,,,True,True,True,True,True,11.757927977899119,56.328882,20260331,,True,True,True,True,
002156,通富微电,,半导体,,1,0,report_industry,7481674677.05,22.8027090806,329057400.55,224.55,2.1,0.62045734952,13.3247370097,半导体,2026-04-30,32.2948328539,True,True,True,True,True,True,True,,,,,True,True,True,True,True,64.78186962704737,64.921966,20260331,,True,True,True,True,
002353,杰瑞股份,,专用设备,,1,0,report_industry,3290570298.17,22.4807284292,588253737.78,26.32,2.52,-1.234237851326,33.6166052026,专用设备,2026-04-17,26.2122886368,True,True,True,True,True,True,True,,,,,True,True,True,True,True,25.57848062603103,37.718694,20260331,,True,True,True,True,
688689,银河微电,,半导体,,1,0,report_industry,267276212.31,22.3721311978,18309588.19,200.15,1.32,0.193217414316,24.4913813707,半导体,2026-04-23,32.2948328539,True,True,True,True,True,True,True,,,,,True,True,True,True,True,1441.9749903330573,39.129965,20260331,,True,True,True,True,
002803,吉宏股份,22.12,互联网电商,,1,0,industry_board、report_industry,1804314089.03,22.1201640033,72362633.53,22.32,2.65,0.032327522851,46.9029737397,互联网电商,2026-04-28,33.0396421657,True,True,True,True,True,True,True,,,,,True,True,True,True,True,21.74882429026992,37.484557,20260331,,True,True,True,True,
603138,海量数据,19.05,计算机,,1,0,industry_board,99259449.87,22.0421158113,-41769068.71,-136.1491287397,-5.06,-0.159806828303,34.3011484696,IT服务Ⅱ,2026-04-17,26.9040093984,True,True,True,True,True,True,True,,,,,True,True,True,True,True,127.18758051537348,23.552776,20260331,,True,True,True,True,
688396,华润微,,半导体,,1,0,report_industry,2857208195.23,21.3401310188,330002688.93,296.56,1.4254,0.472326832781,25.4849784085,半导体,2026-04-25,32.2948328539,True,True,True,True,True,True,True,,,,,True,True,True,True,True,117.1621893680877,17.869852,20260331,,True,True,True,True,
002952,亚世光电,29.1,光学光电子,,1,0,industry_board、report_industry,236025888.32,21.1990698675,8930998.3,100.28,1.02,0.442622221857,17.8462615478,光学光电子,2026-04-27,18.0566157497,True,True,True,True,True,True,True,,,,,True,True,True,True,True,149.31870073003714,22.397814,20260331,,True,True,True,True,
002339,积成电子,9.84,电网自动化设备,,1,0,industry_board,445065939.79,20.9180547725,-73379823.51,-19.59,-4.12,-0.329961195656,16.2458798541,电网设备,2026-04-29,20.676328799,True,True,True,True,True,True,True,,,,,True,True,True,True,True,25.498974430601695,49.307155,20260331,,True,True,True,True,
688213,思特威,,半导体,,1,0,report_industry,2111500539.86,20.6834100852,236746699.09,23.66,4.43,1.098605554803,25.7369703527,半导体,2026-04-30,32.2948328539,True,True,True,True,True,True,True,,,,,True,True,True,True,True,29.533871962054015,47.396316,20260331,,True,True,True,True,
002955,鸿合科技,24.03,光学光电子,,1,0,industry_board、report_industry,615587544.08,20.6829728413,-36499143.04,-723.86,-1.13,-0.351981988102,23.532358717,光学光电子,2026-04-25,18.0566157497,True,True,True,True,True,True,True,,,,,True,True,True,True,True,1218.594099930464,23.308861,20260331,,True,True,True,True,
688635,长进光子,,通信设备,,1,0,report_industry,53952952.2,20.6193001474,19886513.59,30.98,3.12,0.063642579837,62.2909621802,通信设备,2026-05-08,26.4444989384,True,True,True,True,True,True,True,,,,,True,True,True,True,True,36.89186964519615,28.305226,20260331,,True,True,True,True,
300747,锐科激光,38.61,自动化设备,,1,0,industry_board、report_industry,858765995.37,20.0645042544,41835883.3,147.04,1.22,-0.051453795709,22.0487886759,自动化设备,2026-04-23,29.231632947549997,True,True,True,True,True,True,True,,,,,True,True,True,True,True,1156.945625501397,32.388322,20260331,,True,True,True,True,
603186,华正新材,,元件,,1,0,report_industry,1234291571.69,19.83693281,30920963.67,68.04,1.59,0.360114668031,12.0206290712,元件,2026-04-22,20.247973137800003,True,True,True,True,True,True,True,,,,,True,True,True,True,True,102.88871337090839,64.496743,20260331,,True,True,True,True,
688008,澜起科技,,半导体,,1,0,report_industry,1460718316.43,19.514563386,847375292.29,61.3,5.39,0.512711063486,69.7882209522,半导体,2026-04-28,32.2948328539,True,True,True,True,True,True,True,,,,,True,True,True,True,True,20.14172112717072,4.17452,20260331,,True,True,True,True,
002609,捷顺科技,8.39,计算机,,1,0,industry_board,364201210.08,19.346174427,1848019.52,16.92,0.08,0.075912230499,37.0130268651,IT服务Ⅱ,2026-04-30,26.9040093984,True,True,True,True,True,True,True,,,,,True,True,True,True,True,705.6884058068101,36.108446,20260331,,True,True,True,True,
603918,金桥信息,13.08,计算机,,1,0,industry_board,120638586.96,19.3204909748,-30460243.69,-31.5596163044,-3.07,-0.137475741954,22.5011580325,IT服务Ⅱ,2026-04-30,26.9040093984,True,True,True,True,True,True,True,,,,,True,True,True,True,True,36.60975852596011,24.673397,20260331,,True,True,True,True,
300450,先导智能,52.92,锂电专用设备,,1,0,industry_board,3690650989.26,19.112980999,405394870.88,10.99,3.03,0.745171425269,33.6120777199,电池,2026-04-29,16.7921264727,True,True,True,True,True,True,True,,,,,True,True,True,True,True,11.414164306881336,61.635478,20260331,,True,True,True,True,
300496,中科创达,67.25,计算机,,1,0,industry_board,1748552102.91,19.0422553489,102383161.68,10.6,0.99,0.676666472673,32.7099194184,IT服务Ⅱ,2026-04-27,26.9040093984,True,True,True,True,True,True,True,,,,,True,True,True,True,True,11.157427829779198,22.872864,20260331,,True,True,True,True,
001256,炜冈科技,,专用设备,,1,0,report_industry,140498706.24,18.4608226383,37599118.65,43.77,2.91,0.010680976566,35.8400018602,专用设备,2026-04-29,26.2122886368,True,True,True,True,True,True,True,,,,,True,True,True,True,True,43.70708558008203,24.205127,20260331,,True,True,True,True,
688347,华虹公司,,半导体,,1,0,report_industry,4625372637.73,18.2191831331,139562597.0,513.1,0.31,0.524439149776,17.625466293,半导体,2026-05-15,32.2948328539,True,True,True,True,True,True,True,,,,,True,True,True,True,True,724.0065534139882,38.286865,20260331,,True,True,True,True,
300277,汽轮科技,16.54,计算机,,1,0,industry_board,1303584864.4,18.1897924053,84880055.35,105.5,0.86,0.234310057769,26.2897550669,IT服务Ⅱ,2026-04-27,26.9040093984,True,True,True,True,True,True,True,,,,,True,True,True,True,True,110.23541139406996,42.934986,20260331,,True,True,True,True,
601126,四方股份,78.28,电网自动化设备,,1,0,industry_board,2158066014.06,18.0520403825,270665536.47,12.08,5.38,0.016942430622,31.4514906902,电网设备,2026-04-30,20.676328799,True,True,True,True,True,True,True,,,,,True,True,True,True,True,12.996566799711307,59.823458,20260331,,True,True,True,True,
688343,云天励飞-U,82.18,计算机,,1,0,industry_board,311518467.02,17.9686669498,-134007663.17,-56.4742358461,-3.57,0.257630047165,28.1401786445,IT服务Ⅱ,2026-04-30,26.9040093984,True,True,True,True,True,True,True,,,,,True,True,True,True,True,43.698500064700305,31.027619,20260331,,True,True,True,True,
688807,优迅股份,,半导体,,1,0,report_industry,138159937.25,17.5745154992,26574260.24,20.04,1.49,0.370293995,43.4563762007,半导体,2026-04-28,32.2948328539,True,True,True,True,True,True,True,,,,,True,True,True,True,True,19.775963037869282,3.154188,20260331,,True,True,True,True,
688486,龙迅股份,,半导体,,1,0,report_industry,128168261.82,17.5739116697,38079560.6,33.57,2.41,0.258146093922,54.8997311431,半导体,2026-04-14,32.2948328539,True,True,True,True,True,True,True,,,,,True,True,True,True,True,52.4645277486463,4.060045,20260331,,True,True,True,True,
002722,物产金轮,,专用设备,,1,0,report_industry,617551604.28,17.5573183792,41233303.4,29.19,1.39,-0.237883865465,20.0948809605,专用设备,2026-04-21,26.2122886368,True,True,True,True,True,True,True,,,,,True,True,True,True,True,32.588332476333434,15.194853,20260331,,True,True,True,True,
002876,三利谱,29.49,光学光电子,,1,0,industry_board、report_industry,941005581.55,16.8712676397,33317160.28,12.43,1.39,-0.698328115227,17.5972569278,光学光电子,2026-04-28,18.0566157497,True,True,True,True,True,True,True,,,,,True,True,True,True,True,80.43064312066758,62.052589,20260331,,True,True,True,True,
300865,大宏立,,专用设备,,1,0,report_industry,84176937.55,16.2798327726,10617332.5,937.58,1.22,0.341501544941,32.6360349397,专用设备,2026-04-23,26.2122886368,True,True,True,True,True,True,True,,,,,True,True,True,True,True,1948.4517900489664,22.314168,20260331,,True,True,True,True,
688018,乐鑫科技,,半导体,,1,0,report_industry,647971431.84,16.1551642483,135642156.35,44.76,3.01,0.020445380336,48.5086698803,半导体,2026-04-21,32.2948328539,True,True,True,True,True,True,True,,,,,True,True,True,True,True,39.88152092298718,10.196494,20260331,,True,True,True,True,
688652,京仪装备,,半导体,,1,0,report_industry,392255763.15,16.1291285084,46444902.08,29.45,2.09,-0.222155481607,35.2635084898,半导体,2026-04-29,32.2948328539,True,True,True,True,True,True,True,,,,,True,True,True,True,True,34.73036179803164,52.898586,20260331,,True,True,True,True,
301236,软通动力,39.99,计算机,,1,0,industry_board,8117452606.11,15.7866555436,-349890694.42,-76.99,-2.82,-3.325125137057,7.7839089875,IT服务Ⅱ,2026-04-25,26.9040093984,True,True,True,True,True,True,True,,,,,True,True,True,True,True,66.61598637090313,58.397678,20260331,,True,True,True,True,
603025,大豪科技,16.51,自动化设备,,1,0,industry_board、report_industry,838153113.68,15.582997897,237894289.96,41.32,8.37,0.106027405571,47.5991540684,自动化设备,2026-04-20,29.231632947549997,True,True,True,True,True,True,True,,,,,True,True,True,True,True,35.39887379186983,32.962764,20260331,,True,True,True,True,
002957,科瑞技术,46.99,自动化设备,,1,0,industry_board、report_industry,618413975.46,15.4213466627,69421016.44,56.87,2.12,0.373371279529,36.3012429341,自动化设备,2026-04-24,29.231632947549997,True,True,True,True,True,True,True,,,,,True,True,True,True,True,17.502614483738622,45.566061,20260331,,True,True,True,True,
002436,兴森科技,,元件,,1,0,report_industry,1818166949.77,15.1027233553,18744694.13,100.0,0.35,-0.145385161868,19.1748255392,元件,2026-04-25,20.247973137800003,True,True,True,True,True,True,True,,,,,True,True,True,True,True,308.3199331337517,63.85147,20260331,,True,True,True,True,
600410,华胜天成,23.6,计算机,,1,0,industry_board,1018432435.95,15.0834654991,-92296301.9,-162.3,-2.11,0.44848995297,11.3475544278,IT服务Ⅱ,2026-04-28,26.9040093984,True,True,True,True,True,True,True,,,,,True,True,True,True,True,82.01017079692782,49.27807,20260331,,True,True,True,True,
600552,凯盛科技,17.08,光学光电子,,1,0,industry_board、report_industry,1455285530.51,15.065868374,27918293.82,17.07,0.65,0.007118731742,18.2445414005,光学光电子,2026-04-30,18.0566157497,True,True,True,True,True,True,True,,,,,True,True,True,True,True,89.39793036846433,61.926576,20260331,,True,True,True,True,
